bug_line,signal,is_libc,is_rfsimulator,test_case
/home/openairinterface5g/openair1/PHY/NR_UE_TRANSPORT/srs_modulation_nr.c:383,SIGSEGV,False,False,c3_compiled_intra-IE_mac_sch_f452_f453/ue_crash_1_20260113_025913.log
/home/openairinterface5g/openair1/PHY/NR_UE_TRANSPORT/srs_modulation_nr.c:383,SIGSEGV,False,False,c3_compiled_intra-IE_mac_sch_f452_f453/ue_crash_1_20260113_025924.log
/home/openairinterface5g/openair1/PHY/NR_UE_TRANSPORT/srs_modulation_nr.c:383,SIGSEGV,False,False,c3_compiled_intra-IE_mac_sch_f452_f453/ue_crash_1_20260113_025935.log
/home/openairinterface5g/openair1/PHY/nr_phy_common/src/nr_phy_common_csirs.c:42,SIGSEGV,False,False,c3_compiled_intra-IE_mac_sch_f694_f697/ue_crash_1_20260113_030830.log
/home/openairinterface5g/openair1/PHY/nr_phy_common/src/nr_phy_common_csirs.c:42,SIGSEGV,False,False,c3_compiled_intra-IE_mac_sch_f694_f697/ue_crash_1_20260113_030840.log
/home/openairinterface5g/openair1/PHY/nr_phy_common/src/nr_phy_common_csirs.c:42,SIGSEGV,False,False,c3_compiled_intra-IE_mac_sch_f694_f697/ue_crash_1_20260113_030852.log
/home/openairinterface5g/openair2/LAYER2/NR_MAC_COMMON/nr_mac_common.c:5109,SIGABRT,False,False,c3_compiled_intra-IE_mac_sch_f831_f832/ue_crash_1_20260113_033026.log
/home/openairinterface5g/openair2/LAYER2/NR_MAC_COMMON/nr_mac_common.c:5109,SIGABRT,False,False,c3_compiled_intra-IE_mac_sch_f831_f832/ue_crash_1_20260113_033037.log
/home/openairinterface5g/openair2/LAYER2/NR_MAC_COMMON/nr_mac_common.c:5109,SIGABRT,False,False,c3_compiled_intra-IE_mac_sch_f831_f832/ue_crash_1_20260113_033047.log
/home/openairinterface5g/openair2/LAYER2/NR_MAC_COMMON/nr_mac_common.c:5122,SIGSEGV,False,False,c3_compiled_intra-IE_mac_sch_f689_f692/ue_crash_1_20260113_030652.log
/home/openairinterface5g/openair2/LAYER2/NR_MAC_COMMON/nr_mac_common.c:5122,SIGSEGV,False,False,c3_compiled_intra-IE_mac_sch_f689_f692/ue_crash_1_20260113_030702.log
/home/openairinterface5g/openair2/LAYER2/NR_MAC_COMMON/nr_mac_common.c:5122,SIGSEGV,False,False,c3_compiled_intra-IE_mac_sch_f689_f692/ue_crash_1_20260113_030714.log
/home/openairinterface5g/openair2/LAYER2/NR_MAC_COMMON/nr_mac_common.c:5122,SIGSEGV,False,False,c3_compiled_intra-IE_mac_sch_f706_f709/ue_crash_1_20260113_031346.log
/home/openairinterface5g/openair2/LAYER2/NR_MAC_COMMON/nr_mac_common.c:5122,SIGSEGV,False,False,c3_compiled_intra-IE_mac_sch_f706_f709/ue_crash_1_20260113_031357.log
/home/openairinterface5g/openair2/LAYER2/NR_MAC_COMMON/nr_mac_common.c:5122,SIGSEGV,False,False,c3_compiled_intra-IE_mac_sch_f706_f709/ue_crash_1_20260113_031408.log
/home/openairinterface5g/openair2/LAYER2/NR_MAC_COMMON/nr_mac_common.c:5122,SIGSEGV,False,False,c3_compiled_intra-IE_mac_sch_f723_f726/ue_crash_1_20260113_031641.log
/home/openairinterface5g/openair2/LAYER2/NR_MAC_COMMON/nr_mac_common.c:5122,SIGSEGV,False,False,c3_compiled_intra-IE_mac_sch_f723_f726/ue_crash_1_20260113_031651.log
/home/openairinterface5g/openair2/LAYER2/NR_MAC_COMMON/nr_mac_common.c:5122,SIGSEGV,False,False,c3_compiled_intra-IE_mac_sch_f723_f726/ue_crash_1_20260113_031702.log
/home/openairinterface5g/openair2/LAYER2/NR_MAC_COMMON/nr_mac_common.c:5139,SIGABRT,False,False,c3_compiled_intra-IE_mac_sch_f823_f830/ue_crash_1_20260113_032742.log
/home/openairinterface5g/openair2/LAYER2/NR_MAC_COMMON/nr_mac_common.c:5139,SIGABRT,False,False,c3_compiled_intra-IE_mac_sch_f823_f830/ue_crash_1_20260113_032753.log
/home/openairinterface5g/openair2/LAYER2/NR_MAC_COMMON/nr_mac_common.c:5139,SIGABRT,False,False,c3_compiled_intra-IE_mac_sch_f823_f830/ue_crash_1_20260113_032804.log
/home/openairinterface5g/openair2/LAYER2/NR_MAC_COMMON/nr_mac_common.c:5139,SIGABRT,False,False,c3_compiled_intra-IE_mac_sch_f823_f831/ue_crash_1_20260113_032815.log
/home/openairinterface5g/openair2/LAYER2/NR_MAC_COMMON/nr_mac_common.c:5139,SIGABRT,False,False,c3_compiled_intra-IE_mac_sch_f823_f831/ue_crash_1_20260113_032826.log
/home/openairinterface5g/openair2/LAYER2/NR_MAC_COMMON/nr_mac_common.c:5139,SIGABRT,False,False,c3_compiled_intra-IE_mac_sch_f823_f831/ue_crash_1_20260113_032837.log
/home/openairinterface5g/openair2/LAYER2/NR_MAC_COMMON/nr_mac_common.c:5139,SIGABRT,False,False,c3_compiled_intra-IE_mac_sch_f926_f932/ue_crash_1_20260113_033209.log
/home/openairinterface5g/openair2/LAYER2/NR_MAC_COMMON/nr_mac_common.c:5139,SIGABRT,False,False,c3_compiled_intra-IE_mac_sch_f926_f932/ue_crash_1_20260113_033220.log
/home/openairinterface5g/openair2/LAYER2/NR_MAC_COMMON/nr_mac_common.c:5139,SIGABRT,False,False,c3_compiled_intra-IE_mac_sch_f926_f932/ue_crash_1_20260113_033231.log
/home/openairinterface5g/openair2/LAYER2/NR_MAC_COMMON/nr_mac_common.c:5139,SIGABRT,False,False,c3_compiled_intra-IE_mac_sch_f926_f933/ue_crash_1_20260113_033242.log
/home/openairinterface5g/openair2/LAYER2/NR_MAC_COMMON/nr_mac_common.c:5139,SIGABRT,False,False,c3_compiled_intra-IE_mac_sch_f926_f933/ue_crash_1_20260113_033253.log
/home/openairinterface5g/openair2/LAYER2/NR_MAC_COMMON/nr_mac_common.c:5139,SIGABRT,False,False,c3_compiled_intra-IE_mac_sch_f926_f933/ue_crash_1_20260113_033304.log
/home/openairinterface5g/openair2/LAYER2/NR_MAC_COMMON/nr_mac_common.c:5139,SIGABRT,False,False,c4_compiled_inter-IE_mac_sch_f133_f823/ue_crash_1_20260113_035301.log
/home/openairinterface5g/openair2/LAYER2/NR_MAC_COMMON/nr_mac_common.c:5139,SIGABRT,False,False,c4_compiled_inter-IE_mac_sch_f133_f823/ue_crash_1_20260113_035313.log
/home/openairinterface5g/openair2/LAYER2/NR_MAC_COMMON/nr_mac_common.c:5139,SIGABRT,False,False,c4_compiled_inter-IE_mac_sch_f133_f823/ue_crash_1_20260113_035324.log
/home/openairinterface5g/openair2/LAYER2/NR_MAC_COMMON/nr_mac_common.c:5139,SIGABRT,False,False,c4_compiled_inter-IE_mac_sch_f133_f848/ue_crash_1_20260113_035410.log
/home/openairinterface5g/openair2/LAYER2/NR_MAC_COMMON/nr_mac_common.c:5139,SIGABRT,False,False,c4_compiled_inter-IE_mac_sch_f133_f848/ue_crash_1_20260113_035421.log
/home/openairinterface5g/openair2/LAYER2/NR_MAC_COMMON/nr_mac_common.c:5139,SIGABRT,False,False,c4_compiled_inter-IE_mac_sch_f133_f848/ue_crash_1_20260113_035432.log
/home/openairinterface5g/openair2/LAYER2/NR_MAC_COMMON/nr_mac_common.c:5139,SIGABRT,False,False,c4_compiled_inter-IE_mac_sch_f133_f862/ue_crash_1_20260113_035443.log
/home/openairinterface5g/openair2/LAYER2/NR_MAC_COMMON/nr_mac_common.c:5139,SIGABRT,False,False,c4_compiled_inter-IE_mac_sch_f133_f862/ue_crash_1_20260113_035454.log
/home/openairinterface5g/openair2/LAYER2/NR_MAC_COMMON/nr_mac_common.c:5139,SIGABRT,False,False,c4_compiled_inter-IE_mac_sch_f133_f862/ue_crash_1_20260113_035505.log
/home/openairinterface5g/openair2/LAYER2/NR_MAC_COMMON/nr_mac_common.c:5139,SIGABRT,False,False,c4_compiled_inter-IE_mac_sch_f133_f887/ue_crash_1_20260113_035551.log
/home/openairinterface5g/openair2/LAYER2/NR_MAC_COMMON/nr_mac_common.c:5139,SIGABRT,False,False,c4_compiled_inter-IE_mac_sch_f133_f887/ue_crash_1_20260113_035602.log
/home/openairinterface5g/openair2/LAYER2/NR_MAC_COMMON/nr_mac_common.c:5139,SIGABRT,False,False,c4_compiled_inter-IE_mac_sch_f133_f887/ue_crash_1_20260113_035613.log
/home/openairinterface5g/openair2/LAYER2/NR_MAC_COMMON/nr_mac_common.c:5139,SIGABRT,False,False,c4_compiled_inter-IE_mac_sch_f133_f901/ue_crash_1_20260113_035624.log
/home/openairinterface5g/openair2/LAYER2/NR_MAC_COMMON/nr_mac_common.c:5139,SIGABRT,False,False,c4_compiled_inter-IE_mac_sch_f133_f901/ue_crash_1_20260113_035635.log
/home/openairinterface5g/openair2/LAYER2/NR_MAC_COMMON/nr_mac_common.c:5139,SIGABRT,False,False,c4_compiled_inter-IE_mac_sch_f133_f901/ue_crash_1_20260113_035646.log
/home/openairinterface5g/openair2/LAYER2/NR_MAC_COMMON/nr_mac_common.c:5139,SIGABRT,False,False,c4_compiled_inter-IE_mac_sch_f133_f926/ue_crash_1_20260113_035732.log
/home/openairinterface5g/openair2/LAYER2/NR_MAC_COMMON/nr_mac_common.c:5139,SIGABRT,False,False,c4_compiled_inter-IE_mac_sch_f133_f926/ue_crash_1_20260113_035743.log
/home/openairinterface5g/openair2/LAYER2/NR_MAC_COMMON/nr_mac_common.c:5139,SIGABRT,False,False,c4_compiled_inter-IE_mac_sch_f133_f926/ue_crash_1_20260113_035754.log
/home/openairinterface5g/openair2/LAYER2/NR_MAC_COMMON/nr_mac_common.c:5139,SIGABRT,False,False,c4_compiled_inter-IE_mac_sch_f198_f823/ue_crash_1_20260113_042353.log
/home/openairinterface5g/openair2/LAYER2/NR_MAC_COMMON/nr_mac_common.c:5139,SIGABRT,False,False,c4_compiled_inter-IE_mac_sch_f198_f823/ue_crash_1_20260113_042404.log
/home/openairinterface5g/openair2/LAYER2/NR_MAC_COMMON/nr_mac_common.c:5139,SIGABRT,False,False,c4_compiled_inter-IE_mac_sch_f198_f823/ue_crash_1_20260113_042415.log
/home/openairinterface5g/openair2/LAYER2/NR_MAC_COMMON/nr_mac_common.c:5139,SIGABRT,False,False,c4_compiled_inter-IE_mac_sch_f198_f848/ue_crash_1_20260113_042500.log
/home/openairinterface5g/openair2/LAYER2/NR_MAC_COMMON/nr_mac_common.c:5139,SIGABRT,False,False,c4_compiled_inter-IE_mac_sch_f198_f848/ue_crash_1_20260113_042511.log
/home/openairinterface5g/openair2/LAYER2/NR_MAC_COMMON/nr_mac_common.c:5139,SIGABRT,False,False,c4_compiled_inter-IE_mac_sch_f198_f848/ue_crash_1_20260113_042522.log
/home/openairinterface5g/openair2/LAYER2/NR_MAC_COMMON/nr_mac_common.c:5139,SIGABRT,False,False,c4_compiled_inter-IE_mac_sch_f198_f862/ue_crash_1_20260113_042533.log
/home/openairinterface5g/openair2/LAYER2/NR_MAC_COMMON/nr_mac_common.c:5139,SIGABRT,False,False,c4_compiled_inter-IE_mac_sch_f198_f862/ue_crash_1_20260113_042544.log
/home/openairinterface5g/openair2/LAYER2/NR_MAC_COMMON/nr_mac_common.c:5139,SIGABRT,False,False,c4_compiled_inter-IE_mac_sch_f198_f862/ue_crash_1_20260113_042555.log
/home/openairinterface5g/openair2/LAYER2/NR_MAC_COMMON/nr_mac_common.c:5139,SIGABRT,False,False,c4_compiled_inter-IE_mac_sch_f198_f887/ue_crash_1_20260113_042642.log
/home/openairinterface5g/openair2/LAYER2/NR_MAC_COMMON/nr_mac_common.c:5139,SIGABRT,False,False,c4_compiled_inter-IE_mac_sch_f198_f887/ue_crash_1_20260113_042653.log
/home/openairinterface5g/openair2/LAYER2/NR_MAC_COMMON/nr_mac_common.c:5139,SIGABRT,False,False,c4_compiled_inter-IE_mac_sch_f198_f887/ue_crash_1_20260113_042704.log
/home/openairinterface5g/openair2/LAYER2/NR_MAC_COMMON/nr_mac_common.c:5139,SIGABRT,False,False,c4_compiled_inter-IE_mac_sch_f198_f901/ue_crash_1_20260113_042714.log
/home/openairinterface5g/openair2/LAYER2/NR_MAC_COMMON/nr_mac_common.c:5139,SIGABRT,False,False,c4_compiled_inter-IE_mac_sch_f198_f901/ue_crash_1_20260113_042725.log
/home/openairinterface5g/openair2/LAYER2/NR_MAC_COMMON/nr_mac_common.c:5139,SIGABRT,False,False,c4_compiled_inter-IE_mac_sch_f198_f901/ue_crash_1_20260113_042736.log
/home/openairinterface5g/openair2/LAYER2/NR_MAC_COMMON/nr_mac_common.c:5139,SIGABRT,False,False,c4_compiled_inter-IE_mac_sch_f198_f926/ue_crash_1_20260113_042823.log
/home/openairinterface5g/openair2/LAYER2/NR_MAC_COMMON/nr_mac_common.c:5139,SIGABRT,False,False,c4_compiled_inter-IE_mac_sch_f198_f926/ue_crash_1_20260113_042833.log
/home/openairinterface5g/openair2/LAYER2/NR_MAC_COMMON/nr_mac_common.c:5139,SIGABRT,False,False,c4_compiled_inter-IE_mac_sch_f198_f926/ue_crash_1_20260113_042844.log
/home/openairinterface5g/openair2/LAYER2/NR_MAC_COMMON/nr_mac_common.c:5139,SIGABRT,False,False,c4_compiled_inter-IE_mac_sch_f263_f823/ue_crash_1_20260113_044222.log
/home/openairinterface5g/openair2/LAYER2/NR_MAC_COMMON/nr_mac_common.c:5139,SIGABRT,False,False,c4_compiled_inter-IE_mac_sch_f263_f823/ue_crash_1_20260113_044233.log
/home/openairinterface5g/openair2/LAYER2/NR_MAC_COMMON/nr_mac_common.c:5139,SIGABRT,False,False,c4_compiled_inter-IE_mac_sch_f263_f823/ue_crash_1_20260113_044244.log
/home/openairinterface5g/openair2/LAYER2/NR_MAC_COMMON/nr_mac_common.c:5139,SIGABRT,False,False,c4_compiled_inter-IE_mac_sch_f263_f848/ue_crash_1_20260113_044329.log
/home/openairinterface5g/openair2/LAYER2/NR_MAC_COMMON/nr_mac_common.c:5139,SIGABRT,False,False,c4_compiled_inter-IE_mac_sch_f263_f848/ue_crash_1_20260113_044341.log
/home/openairinterface5g/openair2/LAYER2/NR_MAC_COMMON/nr_mac_common.c:5139,SIGABRT,False,False,c4_compiled_inter-IE_mac_sch_f263_f848/ue_crash_1_20260113_044352.log
/home/openairinterface5g/openair2/LAYER2/NR_MAC_COMMON/nr_mac_common.c:5139,SIGABRT,False,False,c4_compiled_inter-IE_mac_sch_f263_f862/ue_crash_1_20260113_044403.log
/home/openairinterface5g/openair2/LAYER2/NR_MAC_COMMON/nr_mac_common.c:5139,SIGABRT,False,False,c4_compiled_inter-IE_mac_sch_f263_f862/ue_crash_1_20260113_044414.log
/home/openairinterface5g/openair2/LAYER2/NR_MAC_COMMON/nr_mac_common.c:5139,SIGABRT,False,False,c4_compiled_inter-IE_mac_sch_f263_f862/ue_crash_1_20260113_044425.log
/home/openairinterface5g/openair2/LAYER2/NR_MAC_COMMON/nr_mac_common.c:5139,SIGABRT,False,False,c4_compiled_inter-IE_mac_sch_f263_f887/ue_crash_1_20260113_044511.log
/home/openairinterface5g/openair2/LAYER2/NR_MAC_COMMON/nr_mac_common.c:5139,SIGABRT,False,False,c4_compiled_inter-IE_mac_sch_f263_f887/ue_crash_1_20260113_044522.log
/home/openairinterface5g/openair2/LAYER2/NR_MAC_COMMON/nr_mac_common.c:5139,SIGABRT,False,False,c4_compiled_inter-IE_mac_sch_f263_f887/ue_crash_1_20260113_044533.log
/home/openairinterface5g/openair2/LAYER2/NR_MAC_COMMON/nr_mac_common.c:5139,SIGABRT,False,False,c4_compiled_inter-IE_mac_sch_f263_f901/ue_crash_1_20260113_044543.log
/home/openairinterface5g/openair2/LAYER2/NR_MAC_COMMON/nr_mac_common.c:5139,SIGABRT,False,False,c4_compiled_inter-IE_mac_sch_f263_f901/ue_crash_1_20260113_044555.log
/home/openairinterface5g/openair2/LAYER2/NR_MAC_COMMON/nr_mac_common.c:5139,SIGABRT,False,False,c4_compiled_inter-IE_mac_sch_f263_f901/ue_crash_1_20260113_044606.log
/home/openairinterface5g/openair2/LAYER2/NR_MAC_COMMON/nr_mac_common.c:5139,SIGABRT,False,False,c4_compiled_inter-IE_mac_sch_f263_f926/ue_crash_1_20260113_044652.log
/home/openairinterface5g/openair2/LAYER2/NR_MAC_COMMON/nr_mac_common.c:5139,SIGABRT,False,False,c4_compiled_inter-IE_mac_sch_f263_f926/ue_crash_1_20260113_044703.log
/home/openairinterface5g/openair2/LAYER2/NR_MAC_COMMON/nr_mac_common.c:5139,SIGABRT,False,False,c4_compiled_inter-IE_mac_sch_f263_f926/ue_crash_1_20260113_044714.log
/home/openairinterface5g/openair2/LAYER2/NR_MAC_COMMON/nr_mac_common.c:5139,SIGABRT,False,False,c4_compiled_inter-IE_mac_sch_f777_f823/ue_crash_1_20260113_060643.log
/home/openairinterface5g/openair2/LAYER2/NR_MAC_COMMON/nr_mac_common.c:5139,SIGABRT,False,False,c4_compiled_inter-IE_mac_sch_f777_f823/ue_crash_1_20260113_060654.log
/home/openairinterface5g/openair2/LAYER2/NR_MAC_COMMON/nr_mac_common.c:5139,SIGABRT,False,False,c4_compiled_inter-IE_mac_sch_f777_f823/ue_crash_1_20260113_060704.log
/home/openairinterface5g/openair2/LAYER2/NR_MAC_COMMON/nr_mac_common.c:5139,SIGABRT,False,False,c4_compiled_inter-IE_mac_sch_f777_f848/ue_crash_1_20260113_060715.log
/home/openairinterface5g/openair2/LAYER2/NR_MAC_COMMON/nr_mac_common.c:5139,SIGABRT,False,False,c4_compiled_inter-IE_mac_sch_f777_f848/ue_crash_1_20260113_060726.log
/home/openairinterface5g/openair2/LAYER2/NR_MAC_COMMON/nr_mac_common.c:5139,SIGABRT,False,False,c4_compiled_inter-IE_mac_sch_f777_f848/ue_crash_1_20260113_060737.log
/home/openairinterface5g/openair2/LAYER2/NR_MAC_COMMON/nr_mac_common.c:5139,SIGABRT,False,False,c4_compiled_inter-IE_mac_sch_f777_f862/ue_crash_1_20260113_060748.log
/home/openairinterface5g/openair2/LAYER2/NR_MAC_COMMON/nr_mac_common.c:5139,SIGABRT,False,False,c4_compiled_inter-IE_mac_sch_f777_f862/ue_crash_1_20260113_060759.log
/home/openairinterface5g/openair2/LAYER2/NR_MAC_COMMON/nr_mac_common.c:5139,SIGABRT,False,False,c4_compiled_inter-IE_mac_sch_f777_f862/ue_crash_1_20260113_060810.log
/home/openairinterface5g/openair2/LAYER2/NR_MAC_COMMON/nr_mac_common.c:5139,SIGABRT,False,False,c4_compiled_inter-IE_mac_sch_f777_f887/ue_crash_1_20260113_060821.log
/home/openairinterface5g/openair2/LAYER2/NR_MAC_COMMON/nr_mac_common.c:5139,SIGABRT,False,False,c4_compiled_inter-IE_mac_sch_f777_f887/ue_crash_1_20260113_060831.log
/home/openairinterface5g/openair2/LAYER2/NR_MAC_COMMON/nr_mac_common.c:5139,SIGABRT,False,False,c4_compiled_inter-IE_mac_sch_f777_f887/ue_crash_1_20260113_060843.log
/home/openairinterface5g/openair2/LAYER2/NR_MAC_COMMON/nr_mac_common.c:5139,SIGABRT,False,False,c4_compiled_inter-IE_mac_sch_f777_f901/ue_crash_1_20260113_060854.log
/home/openairinterface5g/openair2/LAYER2/NR_MAC_COMMON/nr_mac_common.c:5139,SIGABRT,False,False,c4_compiled_inter-IE_mac_sch_f777_f901/ue_crash_1_20260113_060905.log
/home/openairinterface5g/openair2/LAYER2/NR_MAC_COMMON/nr_mac_common.c:5139,SIGABRT,False,False,c4_compiled_inter-IE_mac_sch_f777_f901/ue_crash_1_20260113_060916.log
/home/openairinterface5g/openair2/LAYER2/NR_MAC_COMMON/nr_mac_common.c:5139,SIGABRT,False,False,c4_compiled_inter-IE_mac_sch_f777_f926/ue_crash_1_20260113_060927.log
/home/openairinterface5g/openair2/LAYER2/NR_MAC_COMMON/nr_mac_common.c:5139,SIGABRT,False,False,c4_compiled_inter-IE_mac_sch_f777_f926/ue_crash_1_20260113_060938.log
/home/openairinterface5g/openair2/LAYER2/NR_MAC_COMMON/nr_mac_common.c:5139,SIGABRT,False,False,c4_compiled_inter-IE_mac_sch_f777_f926/ue_crash_1_20260113_060949.log
/home/openairinterface5g/openair2/LAYER2/NR_MAC_COMMON/nr_mac_common.c:5139,SIGABRT,False,False,c4_compiled_inter-IE_mac_sch_f780_f782/ue_crash_1_20260113_061000.log
/home/openairinterface5g/openair2/LAYER2/NR_MAC_COMMON/nr_mac_common.c:5139,SIGABRT,False,False,c4_compiled_inter-IE_mac_sch_f780_f782/ue_crash_1_20260113_061011.log
/home/openairinterface5g/openair2/LAYER2/NR_MAC_COMMON/nr_mac_common.c:5139,SIGABRT,False,False,c4_compiled_inter-IE_mac_sch_f780_f782/ue_crash_1_20260113_061022.log
/home/openairinterface5g/openair2/LAYER2/NR_MAC_COMMON/nr_mac_common.c:5139,SIGABRT,False,False,c4_compiled_inter-IE_mac_sch_f780_f797/ue_crash_1_20260113_061143.log
/home/openairinterface5g/openair2/LAYER2/NR_MAC_COMMON/nr_mac_common.c:5139,SIGABRT,False,False,c4_compiled_inter-IE_mac_sch_f780_f797/ue_crash_1_20260113_061154.log
/home/openairinterface5g/openair2/LAYER2/NR_MAC_COMMON/nr_mac_common.c:5139,SIGABRT,False,False,c4_compiled_inter-IE_mac_sch_f780_f797/ue_crash_1_20260113_061205.log
/home/openairinterface5g/openair2/LAYER2/NR_MAC_COMMON/nr_mac_common.c:5139,SIGABRT,False,False,c4_compiled_inter-IE_mac_sch_f780_f812/ue_crash_1_20260113_061327.log
/home/openairinterface5g/openair2/LAYER2/NR_MAC_COMMON/nr_mac_common.c:5139,SIGABRT,False,False,c4_compiled_inter-IE_mac_sch_f780_f812/ue_crash_1_20260113_061338.log
/home/openairinterface5g/openair2/LAYER2/NR_MAC_COMMON/nr_mac_common.c:5139,SIGABRT,False,False,c4_compiled_inter-IE_mac_sch_f780_f812/ue_crash_1_20260113_061348.log
/home/openairinterface5g/openair2/LAYER2/NR_MAC_COMMON/nr_mac_common.c:5139,SIGABRT,False,False,c4_compiled_inter-IE_mac_sch_f780_f823/ue_crash_1_20260113_061435.log
/home/openairinterface5g/openair2/LAYER2/NR_MAC_COMMON/nr_mac_common.c:5139,SIGABRT,False,False,c4_compiled_inter-IE_mac_sch_f780_f823/ue_crash_1_20260113_061446.log
/home/openairinterface5g/openair2/LAYER2/NR_MAC_COMMON/nr_mac_common.c:5139,SIGABRT,False,False,c4_compiled_inter-IE_mac_sch_f780_f823/ue_crash_1_20260113_061457.log
/home/openairinterface5g/openair2/LAYER2/NR_MAC_COMMON/nr_mac_common.c:5139,SIGABRT,False,False,c4_compiled_inter-IE_mac_sch_f780_f848/ue_crash_1_20260113_061618.log
/home/openairinterface5g/openair2/LAYER2/NR_MAC_COMMON/nr_mac_common.c:5139,SIGABRT,False,False,c4_compiled_inter-IE_mac_sch_f780_f848/ue_crash_1_20260113_061629.log
/home/openairinterface5g/openair2/LAYER2/NR_MAC_COMMON/nr_mac_common.c:5139,SIGABRT,False,False,c4_compiled_inter-IE_mac_sch_f780_f848/ue_crash_1_20260113_061640.log
/home/openairinterface5g/openair2/LAYER2/NR_MAC_COMMON/nr_mac_common.c:5139,SIGABRT,False,False,c4_compiled_inter-IE_mac_sch_f780_f862/ue_crash_1_20260113_061726.log
/home/openairinterface5g/openair2/LAYER2/NR_MAC_COMMON/nr_mac_common.c:5139,SIGABRT,False,False,c4_compiled_inter-IE_mac_sch_f780_f862/ue_crash_1_20260113_061737.log
/home/openairinterface5g/openair2/LAYER2/NR_MAC_COMMON/nr_mac_common.c:5139,SIGABRT,False,False,c4_compiled_inter-IE_mac_sch_f780_f862/ue_crash_1_20260113_061748.log
/home/openairinterface5g/openair2/LAYER2/NR_MAC_COMMON/nr_mac_common.c:5139,SIGABRT,False,False,c4_compiled_inter-IE_mac_sch_f780_f887/ue_crash_1_20260113_061909.log
/home/openairinterface5g/openair2/LAYER2/NR_MAC_COMMON/nr_mac_common.c:5139,SIGABRT,False,False,c4_compiled_inter-IE_mac_sch_f780_f887/ue_crash_1_20260113_061920.log
/home/openairinterface5g/openair2/LAYER2/NR_MAC_COMMON/nr_mac_common.c:5139,SIGABRT,False,False,c4_compiled_inter-IE_mac_sch_f780_f887/ue_crash_1_20260113_061931.log
/home/openairinterface5g/openair2/LAYER2/NR_MAC_COMMON/nr_mac_common.c:5139,SIGABRT,False,False,c4_compiled_inter-IE_mac_sch_f780_f901/ue_crash_1_20260113_062017.log
/home/openairinterface5g/openair2/LAYER2/NR_MAC_COMMON/nr_mac_common.c:5139,SIGABRT,False,False,c4_compiled_inter-IE_mac_sch_f780_f901/ue_crash_1_20260113_062028.log
/home/openairinterface5g/openair2/LAYER2/NR_MAC_COMMON/nr_mac_common.c:5139,SIGABRT,False,False,c4_compiled_inter-IE_mac_sch_f780_f901/ue_crash_1_20260113_062039.log
/home/openairinterface5g/openair2/LAYER2/NR_MAC_COMMON/nr_mac_common.c:5139,SIGABRT,False,False,c4_compiled_inter-IE_mac_sch_f780_f926/ue_crash_1_20260113_062201.log
/home/openairinterface5g/openair2/LAYER2/NR_MAC_COMMON/nr_mac_common.c:5139,SIGABRT,False,False,c4_compiled_inter-IE_mac_sch_f780_f926/ue_crash_1_20260113_062212.log
/home/openairinterface5g/openair2/LAYER2/NR_MAC_COMMON/nr_mac_common.c:5139,SIGABRT,False,False,c4_compiled_inter-IE_mac_sch_f780_f926/ue_crash_1_20260113_062222.log
/home/openairinterface5g/openair2/LAYER2/NR_MAC_COMMON/nr_mac_common.c:5139,SIGABRT,False,False,c4_compiled_inter-IE_mac_sch_f782_f823/ue_crash_1_20260113_062751.log
/home/openairinterface5g/openair2/LAYER2/NR_MAC_COMMON/nr_mac_common.c:5139,SIGABRT,False,False,c4_compiled_inter-IE_mac_sch_f782_f823/ue_crash_1_20260113_062802.log
/home/openairinterface5g/openair2/LAYER2/NR_MAC_COMMON/nr_mac_common.c:5139,SIGABRT,False,False,c4_compiled_inter-IE_mac_sch_f782_f823/ue_crash_1_20260113_062812.log
/home/openairinterface5g/openair2/LAYER2/NR_MAC_COMMON/nr_mac_common.c:5139,SIGABRT,False,False,c4_compiled_inter-IE_mac_sch_f782_f848/ue_crash_1_20260113_062823.log
/home/openairinterface5g/openair2/LAYER2/NR_MAC_COMMON/nr_mac_common.c:5139,SIGABRT,False,False,c4_compiled_inter-IE_mac_sch_f782_f848/ue_crash_1_20260113_062834.log
/home/openairinterface5g/openair2/LAYER2/NR_MAC_COMMON/nr_mac_common.c:5139,SIGABRT,False,False,c4_compiled_inter-IE_mac_sch_f782_f848/ue_crash_1_20260113_062845.log
/home/openairinterface5g/openair2/LAYER2/NR_MAC_COMMON/nr_mac_common.c:5139,SIGABRT,False,False,c4_compiled_inter-IE_mac_sch_f782_f862/ue_crash_1_20260113_062856.log
/home/openairinterface5g/openair2/LAYER2/NR_MAC_COMMON/nr_mac_common.c:5139,SIGABRT,False,False,c4_compiled_inter-IE_mac_sch_f782_f862/ue_crash_1_20260113_062907.log
/home/openairinterface5g/openair2/LAYER2/NR_MAC_COMMON/nr_mac_common.c:5139,SIGABRT,False,False,c4_compiled_inter-IE_mac_sch_f782_f862/ue_crash_1_20260113_062918.log
/home/openairinterface5g/openair2/LAYER2/NR_MAC_COMMON/nr_mac_common.c:5139,SIGABRT,False,False,c4_compiled_inter-IE_mac_sch_f782_f887/ue_crash_1_20260113_062929.log
/home/openairinterface5g/openair2/LAYER2/NR_MAC_COMMON/nr_mac_common.c:5139,SIGABRT,False,False,c4_compiled_inter-IE_mac_sch_f782_f887/ue_crash_1_20260113_062939.log
/home/openairinterface5g/openair2/LAYER2/NR_MAC_COMMON/nr_mac_common.c:5139,SIGABRT,False,False,c4_compiled_inter-IE_mac_sch_f782_f887/ue_crash_1_20260113_062951.log
/home/openairinterface5g/openair2/LAYER2/NR_MAC_COMMON/nr_mac_common.c:5139,SIGABRT,False,False,c4_compiled_inter-IE_mac_sch_f782_f901/ue_crash_1_20260113_063002.log
/home/openairinterface5g/openair2/LAYER2/NR_MAC_COMMON/nr_mac_common.c:5139,SIGABRT,False,False,c4_compiled_inter-IE_mac_sch_f782_f901/ue_crash_1_20260113_063012.log
/home/openairinterface5g/openair2/LAYER2/NR_MAC_COMMON/nr_mac_common.c:5139,SIGABRT,False,False,c4_compiled_inter-IE_mac_sch_f782_f901/ue_crash_1_20260113_063024.log
/home/openairinterface5g/openair2/LAYER2/NR_MAC_COMMON/nr_mac_common.c:5139,SIGABRT,False,False,c4_compiled_inter-IE_mac_sch_f782_f926/ue_crash_1_20260113_063035.log
/home/openairinterface5g/openair2/LAYER2/NR_MAC_COMMON/nr_mac_common.c:5139,SIGABRT,False,False,c4_compiled_inter-IE_mac_sch_f782_f926/ue_crash_1_20260113_063046.log
/home/openairinterface5g/openair2/LAYER2/NR_MAC_COMMON/nr_mac_common.c:5139,SIGABRT,False,False,c4_compiled_inter-IE_mac_sch_f782_f926/ue_crash_1_20260113_063057.log
/home/openairinterface5g/openair2/LAYER2/NR_MAC_COMMON/nr_mac_common.c:5139,SIGABRT,False,False,c4_compiled_inter-IE_mac_sch_f785_f797/ue_crash_1_20260113_063219.log
/home/openairinterface5g/openair2/LAYER2/NR_MAC_COMMON/nr_mac_common.c:5139,SIGABRT,False,False,c4_compiled_inter-IE_mac_sch_f785_f797/ue_crash_1_20260113_063230.log
/home/openairinterface5g/openair2/LAYER2/NR_MAC_COMMON/nr_mac_common.c:5139,SIGABRT,False,False,c4_compiled_inter-IE_mac_sch_f785_f797/ue_crash_1_20260113_063241.log
/home/openairinterface5g/openair2/LAYER2/NR_MAC_COMMON/nr_mac_common.c:5139,SIGABRT,False,False,c4_compiled_inter-IE_mac_sch_f785_f812/ue_crash_1_20260113_063402.log
/home/openairinterface5g/openair2/LAYER2/NR_MAC_COMMON/nr_mac_common.c:5139,SIGABRT,False,False,c4_compiled_inter-IE_mac_sch_f785_f812/ue_crash_1_20260113_063413.log
/home/openairinterface5g/openair2/LAYER2/NR_MAC_COMMON/nr_mac_common.c:5139,SIGABRT,False,False,c4_compiled_inter-IE_mac_sch_f785_f812/ue_crash_1_20260113_063424.log
/home/openairinterface5g/openair2/LAYER2/NR_MAC_COMMON/nr_mac_common.c:5139,SIGABRT,False,False,c4_compiled_inter-IE_mac_sch_f785_f823/ue_crash_1_20260113_063510.log
/home/openairinterface5g/openair2/LAYER2/NR_MAC_COMMON/nr_mac_common.c:5139,SIGABRT,False,False,c4_compiled_inter-IE_mac_sch_f785_f823/ue_crash_1_20260113_063520.log
/home/openairinterface5g/openair2/LAYER2/NR_MAC_COMMON/nr_mac_common.c:5139,SIGABRT,False,False,c4_compiled_inter-IE_mac_sch_f785_f823/ue_crash_1_20260113_063532.log
/home/openairinterface5g/openair2/LAYER2/NR_MAC_COMMON/nr_mac_common.c:5139,SIGABRT,False,False,c4_compiled_inter-IE_mac_sch_f785_f848/ue_crash_1_20260113_063653.log
/home/openairinterface5g/openair2/LAYER2/NR_MAC_COMMON/nr_mac_common.c:5139,SIGABRT,False,False,c4_compiled_inter-IE_mac_sch_f785_f848/ue_crash_1_20260113_063704.log
/home/openairinterface5g/openair2/LAYER2/NR_MAC_COMMON/nr_mac_common.c:5139,SIGABRT,False,False,c4_compiled_inter-IE_mac_sch_f785_f848/ue_crash_1_20260113_063715.log
/home/openairinterface5g/openair2/LAYER2/NR_MAC_COMMON/nr_mac_common.c:5139,SIGABRT,False,False,c4_compiled_inter-IE_mac_sch_f785_f862/ue_crash_1_20260113_063802.log
/home/openairinterface5g/openair2/LAYER2/NR_MAC_COMMON/nr_mac_common.c:5139,SIGABRT,False,False,c4_compiled_inter-IE_mac_sch_f785_f862/ue_crash_1_20260113_063812.log
/home/openairinterface5g/openair2/LAYER2/NR_MAC_COMMON/nr_mac_common.c:5139,SIGABRT,False,False,c4_compiled_inter-IE_mac_sch_f785_f862/ue_crash_1_20260113_063823.log
/home/openairinterface5g/openair2/LAYER2/NR_MAC_COMMON/nr_mac_common.c:5139,SIGABRT,False,False,c4_compiled_inter-IE_mac_sch_f785_f887/ue_crash_1_20260113_063945.log
/home/openairinterface5g/openair2/LAYER2/NR_MAC_COMMON/nr_mac_common.c:5139,SIGABRT,False,False,c4_compiled_inter-IE_mac_sch_f785_f887/ue_crash_1_20260113_063956.log
/home/openairinterface5g/openair2/LAYER2/NR_MAC_COMMON/nr_mac_common.c:5139,SIGABRT,False,False,c4_compiled_inter-IE_mac_sch_f785_f887/ue_crash_1_20260113_064007.log
/home/openairinterface5g/openair2/LAYER2/NR_MAC_COMMON/nr_mac_common.c:5139,SIGABRT,False,False,c4_compiled_inter-IE_mac_sch_f785_f901/ue_crash_1_20260113_064053.log
/home/openairinterface5g/openair2/LAYER2/NR_MAC_COMMON/nr_mac_common.c:5139,SIGABRT,False,False,c4_compiled_inter-IE_mac_sch_f785_f901/ue_crash_1_20260113_064104.log
/home/openairinterface5g/openair2/LAYER2/NR_MAC_COMMON/nr_mac_common.c:5139,SIGABRT,False,False,c4_compiled_inter-IE_mac_sch_f785_f901/ue_crash_1_20260113_064115.log
/home/openairinterface5g/openair2/LAYER2/NR_MAC_COMMON/nr_mac_common.c:5139,SIGABRT,False,False,c4_compiled_inter-IE_mac_sch_f785_f926/ue_crash_1_20260113_064237.log
/home/openairinterface5g/openair2/LAYER2/NR_MAC_COMMON/nr_mac_common.c:5139,SIGABRT,False,False,c4_compiled_inter-IE_mac_sch_f785_f926/ue_crash_1_20260113_064248.log
/home/openairinterface5g/openair2/LAYER2/NR_MAC_COMMON/nr_mac_common.c:5139,SIGABRT,False,False,c4_compiled_inter-IE_mac_sch_f785_f926/ue_crash_1_20260113_064259.log
/home/openairinterface5g/openair2/LAYER2/NR_MAC_COMMON/nr_mac_common.c:5139,SIGABRT,False,False,c4_compiled_inter-IE_mac_sch_f787_f823/ue_crash_1_20260113_064752.log
/home/openairinterface5g/openair2/LAYER2/NR_MAC_COMMON/nr_mac_common.c:5139,SIGABRT,False,False,c4_compiled_inter-IE_mac_sch_f787_f823/ue_crash_1_20260113_064803.log
/home/openairinterface5g/openair2/LAYER2/NR_MAC_COMMON/nr_mac_common.c:5139,SIGABRT,False,False,c4_compiled_inter-IE_mac_sch_f787_f823/ue_crash_1_20260113_064814.log
/home/openairinterface5g/openair2/LAYER2/NR_MAC_COMMON/nr_mac_common.c:5139,SIGABRT,False,False,c4_compiled_inter-IE_mac_sch_f787_f848/ue_crash_1_20260113_064824.log
/home/openairinterface5g/openair2/LAYER2/NR_MAC_COMMON/nr_mac_common.c:5139,SIGABRT,False,False,c4_compiled_inter-IE_mac_sch_f787_f848/ue_crash_1_20260113_064835.log
/home/openairinterface5g/openair2/LAYER2/NR_MAC_COMMON/nr_mac_common.c:5139,SIGABRT,False,False,c4_compiled_inter-IE_mac_sch_f787_f848/ue_crash_1_20260113_064846.log
/home/openairinterface5g/openair2/LAYER2/NR_MAC_COMMON/nr_mac_common.c:5139,SIGABRT,False,False,c4_compiled_inter-IE_mac_sch_f787_f862/ue_crash_1_20260113_064857.log
/home/openairinterface5g/openair2/LAYER2/NR_MAC_COMMON/nr_mac_common.c:5139,SIGABRT,False,False,c4_compiled_inter-IE_mac_sch_f787_f862/ue_crash_1_20260113_064908.log
/home/openairinterface5g/openair2/LAYER2/NR_MAC_COMMON/nr_mac_common.c:5139,SIGABRT,False,False,c4_compiled_inter-IE_mac_sch_f787_f862/ue_crash_1_20260113_064919.log
/home/openairinterface5g/openair2/LAYER2/NR_MAC_COMMON/nr_mac_common.c:5139,SIGABRT,False,False,c4_compiled_inter-IE_mac_sch_f787_f887/ue_crash_1_20260113_064930.log
/home/openairinterface5g/openair2/LAYER2/NR_MAC_COMMON/nr_mac_common.c:5139,SIGABRT,False,False,c4_compiled_inter-IE_mac_sch_f787_f887/ue_crash_1_20260113_064941.log
/home/openairinterface5g/openair2/LAYER2/NR_MAC_COMMON/nr_mac_common.c:5139,SIGABRT,False,False,c4_compiled_inter-IE_mac_sch_f787_f887/ue_crash_1_20260113_064952.log
/home/openairinterface5g/openair2/LAYER2/NR_MAC_COMMON/nr_mac_common.c:5139,SIGABRT,False,False,c4_compiled_inter-IE_mac_sch_f787_f901/ue_crash_1_20260113_065003.log
/home/openairinterface5g/openair2/LAYER2/NR_MAC_COMMON/nr_mac_common.c:5139,SIGABRT,False,False,c4_compiled_inter-IE_mac_sch_f787_f901/ue_crash_1_20260113_065014.log
/home/openairinterface5g/openair2/LAYER2/NR_MAC_COMMON/nr_mac_common.c:5139,SIGABRT,False,False,c4_compiled_inter-IE_mac_sch_f787_f901/ue_crash_1_20260113_065025.log
/home/openairinterface5g/openair2/LAYER2/NR_MAC_COMMON/nr_mac_common.c:5139,SIGABRT,False,False,c4_compiled_inter-IE_mac_sch_f787_f926/ue_crash_1_20260113_065036.log
/home/openairinterface5g/openair2/LAYER2/NR_MAC_COMMON/nr_mac_common.c:5139,SIGABRT,False,False,c4_compiled_inter-IE_mac_sch_f787_f926/ue_crash_1_20260113_065047.log
/home/openairinterface5g/openair2/LAYER2/NR_MAC_COMMON/nr_mac_common.c:5139,SIGABRT,False,False,c4_compiled_inter-IE_mac_sch_f787_f926/ue_crash_1_20260113_065057.log
/home/openairinterface5g/openair2/LAYER2/NR_MAC_COMMON/nr_mac_common.c:5139,SIGABRT,False,False,c4_compiled_inter-IE_mac_sch_f790_f797/ue_crash_1_20260113_065144.log
/home/openairinterface5g/openair2/LAYER2/NR_MAC_COMMON/nr_mac_common.c:5139,SIGABRT,False,False,c4_compiled_inter-IE_mac_sch_f790_f797/ue_crash_1_20260113_065155.log
/home/openairinterface5g/openair2/LAYER2/NR_MAC_COMMON/nr_mac_common.c:5139,SIGABRT,False,False,c4_compiled_inter-IE_mac_sch_f790_f797/ue_crash_1_20260113_065206.log
/home/openairinterface5g/openair2/LAYER2/NR_MAC_COMMON/nr_mac_common.c:5139,SIGABRT,False,False,c4_compiled_inter-IE_mac_sch_f790_f812/ue_crash_1_20260113_065327.log
/home/openairinterface5g/openair2/LAYER2/NR_MAC_COMMON/nr_mac_common.c:5139,SIGABRT,False,False,c4_compiled_inter-IE_mac_sch_f790_f812/ue_crash_1_20260113_065338.log
/home/openairinterface5g/openair2/LAYER2/NR_MAC_COMMON/nr_mac_common.c:5139,SIGABRT,False,False,c4_compiled_inter-IE_mac_sch_f790_f812/ue_crash_1_20260113_065349.log
/home/openairinterface5g/openair2/LAYER2/NR_MAC_COMMON/nr_mac_common.c:5139,SIGABRT,False,False,c4_compiled_inter-IE_mac_sch_f790_f823/ue_crash_1_20260113_065435.log
/home/openairinterface5g/openair2/LAYER2/NR_MAC_COMMON/nr_mac_common.c:5139,SIGABRT,False,False,c4_compiled_inter-IE_mac_sch_f790_f823/ue_crash_1_20260113_065446.log
/home/openairinterface5g/openair2/LAYER2/NR_MAC_COMMON/nr_mac_common.c:5139,SIGABRT,False,False,c4_compiled_inter-IE_mac_sch_f790_f823/ue_crash_1_20260113_065457.log
/home/openairinterface5g/openair2/LAYER2/NR_MAC_COMMON/nr_mac_common.c:5139,SIGABRT,False,False,c4_compiled_inter-IE_mac_sch_f790_f848/ue_crash_1_20260113_065618.log
/home/openairinterface5g/openair2/LAYER2/NR_MAC_COMMON/nr_mac_common.c:5139,SIGABRT,False,False,c4_compiled_inter-IE_mac_sch_f790_f848/ue_crash_1_20260113_065629.log
/home/openairinterface5g/openair2/LAYER2/NR_MAC_COMMON/nr_mac_common.c:5139,SIGABRT,False,False,c4_compiled_inter-IE_mac_sch_f790_f848/ue_crash_1_20260113_065640.log
/home/openairinterface5g/openair2/LAYER2/NR_MAC_COMMON/nr_mac_common.c:5139,SIGABRT,False,False,c4_compiled_inter-IE_mac_sch_f790_f862/ue_crash_1_20260113_065726.log
/home/openairinterface5g/openair2/LAYER2/NR_MAC_COMMON/nr_mac_common.c:5139,SIGABRT,False,False,c4_compiled_inter-IE_mac_sch_f790_f862/ue_crash_1_20260113_065737.log
/home/openairinterface5g/openair2/LAYER2/NR_MAC_COMMON/nr_mac_common.c:5139,SIGABRT,False,False,c4_compiled_inter-IE_mac_sch_f790_f862/ue_crash_1_20260113_065748.log
/home/openairinterface5g/openair2/LAYER2/NR_MAC_COMMON/nr_mac_common.c:5139,SIGABRT,False,False,c4_compiled_inter-IE_mac_sch_f790_f887/ue_crash_1_20260113_065909.log
/home/openairinterface5g/openair2/LAYER2/NR_MAC_COMMON/nr_mac_common.c:5139,SIGABRT,False,False,c4_compiled_inter-IE_mac_sch_f790_f887/ue_crash_1_20260113_065920.log
/home/openairinterface5g/openair2/LAYER2/NR_MAC_COMMON/nr_mac_common.c:5139,SIGABRT,False,False,c4_compiled_inter-IE_mac_sch_f790_f887/ue_crash_1_20260113_065931.log
/home/openairinterface5g/openair2/LAYER2/NR_MAC_COMMON/nr_mac_common.c:5139,SIGABRT,False,False,c4_compiled_inter-IE_mac_sch_f790_f901/ue_crash_1_20260113_070017.log
/home/openairinterface5g/openair2/LAYER2/NR_MAC_COMMON/nr_mac_common.c:5139,SIGABRT,False,False,c4_compiled_inter-IE_mac_sch_f790_f901/ue_crash_1_20260113_070028.log
/home/openairinterface5g/openair2/LAYER2/NR_MAC_COMMON/nr_mac_common.c:5139,SIGABRT,False,False,c4_compiled_inter-IE_mac_sch_f790_f901/ue_crash_1_20260113_070039.log
/home/openairinterface5g/openair2/LAYER2/NR_MAC_COMMON/nr_mac_common.c:5139,SIGABRT,False,False,c4_compiled_inter-IE_mac_sch_f790_f926/ue_crash_1_20260113_070201.log
/home/openairinterface5g/openair2/LAYER2/NR_MAC_COMMON/nr_mac_common.c:5139,SIGABRT,False,False,c4_compiled_inter-IE_mac_sch_f790_f926/ue_crash_1_20260113_070211.log
/home/openairinterface5g/openair2/LAYER2/NR_MAC_COMMON/nr_mac_common.c:5139,SIGABRT,False,False,c4_compiled_inter-IE_mac_sch_f790_f926/ue_crash_1_20260113_070222.log
/home/openairinterface5g/openair2/LAYER2/NR_MAC_COMMON/nr_mac_common.c:5139,SIGABRT,False,False,c4_compiled_inter-IE_mac_sch_f792_f823/ue_crash_1_20260113_070640.log
/home/openairinterface5g/openair2/LAYER2/NR_MAC_COMMON/nr_mac_common.c:5139,SIGABRT,False,False,c4_compiled_inter-IE_mac_sch_f792_f823/ue_crash_1_20260113_070651.log
/home/openairinterface5g/openair2/LAYER2/NR_MAC_COMMON/nr_mac_common.c:5139,SIGABRT,False,False,c4_compiled_inter-IE_mac_sch_f792_f823/ue_crash_1_20260113_070702.log
/home/openairinterface5g/openair2/LAYER2/NR_MAC_COMMON/nr_mac_common.c:5139,SIGABRT,False,False,c4_compiled_inter-IE_mac_sch_f792_f848/ue_crash_1_20260113_070713.log
/home/openairinterface5g/openair2/LAYER2/NR_MAC_COMMON/nr_mac_common.c:5139,SIGABRT,False,False,c4_compiled_inter-IE_mac_sch_f792_f848/ue_crash_1_20260113_070724.log
/home/openairinterface5g/openair2/LAYER2/NR_MAC_COMMON/nr_mac_common.c:5139,SIGABRT,False,False,c4_compiled_inter-IE_mac_sch_f792_f848/ue_crash_1_20260113_070735.log
/home/openairinterface5g/openair2/LAYER2/NR_MAC_COMMON/nr_mac_common.c:5139,SIGABRT,False,False,c4_compiled_inter-IE_mac_sch_f792_f862/ue_crash_1_20260113_070745.log
/home/openairinterface5g/openair2/LAYER2/NR_MAC_COMMON/nr_mac_common.c:5139,SIGABRT,False,False,c4_compiled_inter-IE_mac_sch_f792_f862/ue_crash_1_20260113_070757.log
/home/openairinterface5g/openair2/LAYER2/NR_MAC_COMMON/nr_mac_common.c:5139,SIGABRT,False,False,c4_compiled_inter-IE_mac_sch_f792_f862/ue_crash_1_20260113_070808.log
/home/openairinterface5g/openair2/LAYER2/NR_MAC_COMMON/nr_mac_common.c:5139,SIGABRT,False,False,c4_compiled_inter-IE_mac_sch_f792_f887/ue_crash_1_20260113_070819.log
/home/openairinterface5g/openair2/LAYER2/NR_MAC_COMMON/nr_mac_common.c:5139,SIGABRT,False,False,c4_compiled_inter-IE_mac_sch_f792_f887/ue_crash_1_20260113_070830.log
/home/openairinterface5g/openair2/LAYER2/NR_MAC_COMMON/nr_mac_common.c:5139,SIGABRT,False,False,c4_compiled_inter-IE_mac_sch_f792_f887/ue_crash_1_20260113_070841.log
/home/openairinterface5g/openair2/LAYER2/NR_MAC_COMMON/nr_mac_common.c:5139,SIGABRT,False,False,c4_compiled_inter-IE_mac_sch_f792_f901/ue_crash_1_20260113_070851.log
/home/openairinterface5g/openair2/LAYER2/NR_MAC_COMMON/nr_mac_common.c:5139,SIGABRT,False,False,c4_compiled_inter-IE_mac_sch_f792_f901/ue_crash_1_20260113_070902.log
/home/openairinterface5g/openair2/LAYER2/NR_MAC_COMMON/nr_mac_common.c:5139,SIGABRT,False,False,c4_compiled_inter-IE_mac_sch_f792_f901/ue_crash_1_20260113_070913.log
/home/openairinterface5g/openair2/LAYER2/NR_MAC_COMMON/nr_mac_common.c:5139,SIGABRT,False,False,c4_compiled_inter-IE_mac_sch_f792_f926/ue_crash_1_20260113_070924.log
/home/openairinterface5g/openair2/LAYER2/NR_MAC_COMMON/nr_mac_common.c:5139,SIGABRT,False,False,c4_compiled_inter-IE_mac_sch_f792_f926/ue_crash_1_20260113_070935.log
/home/openairinterface5g/openair2/LAYER2/NR_MAC_COMMON/nr_mac_common.c:5139,SIGABRT,False,False,c4_compiled_inter-IE_mac_sch_f792_f926/ue_crash_1_20260113_070946.log
/home/openairinterface5g/openair2/LAYER2/NR_MAC_COMMON/nr_mac_common.c:5139,SIGABRT,False,False,c4_compiled_inter-IE_mac_sch_f795_f797/ue_crash_1_20260113_070957.log
/home/openairinterface5g/openair2/LAYER2/NR_MAC_COMMON/nr_mac_common.c:5139,SIGABRT,False,False,c4_compiled_inter-IE_mac_sch_f795_f797/ue_crash_1_20260113_071008.log
/home/openairinterface5g/openair2/LAYER2/NR_MAC_COMMON/nr_mac_common.c:5139,SIGABRT,False,False,c4_compiled_inter-IE_mac_sch_f795_f797/ue_crash_1_20260113_071019.log
/home/openairinterface5g/openair2/LAYER2/NR_MAC_COMMON/nr_mac_common.c:5139,SIGABRT,False,False,c4_compiled_inter-IE_mac_sch_f795_f812/ue_crash_1_20260113_071140.log
/home/openairinterface5g/openair2/LAYER2/NR_MAC_COMMON/nr_mac_common.c:5139,SIGABRT,False,False,c4_compiled_inter-IE_mac_sch_f795_f812/ue_crash_1_20260113_071151.log
/home/openairinterface5g/openair2/LAYER2/NR_MAC_COMMON/nr_mac_common.c:5139,SIGABRT,False,False,c4_compiled_inter-IE_mac_sch_f795_f812/ue_crash_1_20260113_071202.log
/home/openairinterface5g/openair2/LAYER2/NR_MAC_COMMON/nr_mac_common.c:5139,SIGABRT,False,False,c4_compiled_inter-IE_mac_sch_f795_f823/ue_crash_1_20260113_071248.log
/home/openairinterface5g/openair2/LAYER2/NR_MAC_COMMON/nr_mac_common.c:5139,SIGABRT,False,False,c4_compiled_inter-IE_mac_sch_f795_f823/ue_crash_1_20260113_071259.log
/home/openairinterface5g/openair2/LAYER2/NR_MAC_COMMON/nr_mac_common.c:5139,SIGABRT,False,False,c4_compiled_inter-IE_mac_sch_f795_f823/ue_crash_1_20260113_071310.log
/home/openairinterface5g/openair2/LAYER2/NR_MAC_COMMON/nr_mac_common.c:5139,SIGABRT,False,False,c4_compiled_inter-IE_mac_sch_f795_f848/ue_crash_1_20260113_071432.log
/home/openairinterface5g/openair2/LAYER2/NR_MAC_COMMON/nr_mac_common.c:5139,SIGABRT,False,False,c4_compiled_inter-IE_mac_sch_f795_f848/ue_crash_1_20260113_071443.log
/home/openairinterface5g/openair2/LAYER2/NR_MAC_COMMON/nr_mac_common.c:5139,SIGABRT,False,False,c4_compiled_inter-IE_mac_sch_f795_f848/ue_crash_1_20260113_071454.log
/home/openairinterface5g/openair2/LAYER2/NR_MAC_COMMON/nr_mac_common.c:5139,SIGABRT,False,False,c4_compiled_inter-IE_mac_sch_f795_f862/ue_crash_1_20260113_071540.log
/home/openairinterface5g/openair2/LAYER2/NR_MAC_COMMON/nr_mac_common.c:5139,SIGABRT,False,False,c4_compiled_inter-IE_mac_sch_f795_f862/ue_crash_1_20260113_071551.log
/home/openairinterface5g/openair2/LAYER2/NR_MAC_COMMON/nr_mac_common.c:5139,SIGABRT,False,False,c4_compiled_inter-IE_mac_sch_f795_f862/ue_crash_1_20260113_071602.log
/home/openairinterface5g/openair2/LAYER2/NR_MAC_COMMON/nr_mac_common.c:5139,SIGABRT,False,False,c4_compiled_inter-IE_mac_sch_f795_f887/ue_crash_1_20260113_071723.log
/home/openairinterface5g/openair2/LAYER2/NR_MAC_COMMON/nr_mac_common.c:5139,SIGABRT,False,False,c4_compiled_inter-IE_mac_sch_f795_f887/ue_crash_1_20260113_071734.log
/home/openairinterface5g/openair2/LAYER2/NR_MAC_COMMON/nr_mac_common.c:5139,SIGABRT,False,False,c4_compiled_inter-IE_mac_sch_f795_f887/ue_crash_1_20260113_071745.log
/home/openairinterface5g/openair2/LAYER2/NR_MAC_COMMON/nr_mac_common.c:5139,SIGABRT,False,False,c4_compiled_inter-IE_mac_sch_f795_f901/ue_crash_1_20260113_071831.log
/home/openairinterface5g/openair2/LAYER2/NR_MAC_COMMON/nr_mac_common.c:5139,SIGABRT,False,False,c4_compiled_inter-IE_mac_sch_f795_f901/ue_crash_1_20260113_071842.log
/home/openairinterface5g/openair2/LAYER2/NR_MAC_COMMON/nr_mac_common.c:5139,SIGABRT,False,False,c4_compiled_inter-IE_mac_sch_f795_f901/ue_crash_1_20260113_071853.log
/home/openairinterface5g/openair2/LAYER2/NR_MAC_COMMON/nr_mac_common.c:5139,SIGABRT,False,False,c4_compiled_inter-IE_mac_sch_f795_f926/ue_crash_1_20260113_072015.log
/home/openairinterface5g/openair2/LAYER2/NR_MAC_COMMON/nr_mac_common.c:5139,SIGABRT,False,False,c4_compiled_inter-IE_mac_sch_f795_f926/ue_crash_1_20260113_072026.log
/home/openairinterface5g/openair2/LAYER2/NR_MAC_COMMON/nr_mac_common.c:5139,SIGABRT,False,False,c4_compiled_inter-IE_mac_sch_f795_f926/ue_crash_1_20260113_072037.log
/home/openairinterface5g/openair2/LAYER2/NR_MAC_COMMON/nr_mac_common.c:5139,SIGABRT,False,False,c4_compiled_inter-IE_mac_sch_f797_f823/ue_crash_1_20260113_072420.log
/home/openairinterface5g/openair2/LAYER2/NR_MAC_COMMON/nr_mac_common.c:5139,SIGABRT,False,False,c4_compiled_inter-IE_mac_sch_f797_f823/ue_crash_1_20260113_072431.log
/home/openairinterface5g/openair2/LAYER2/NR_MAC_COMMON/nr_mac_common.c:5139,SIGABRT,False,False,c4_compiled_inter-IE_mac_sch_f797_f823/ue_crash_1_20260113_072442.log
/home/openairinterface5g/openair2/LAYER2/NR_MAC_COMMON/nr_mac_common.c:5139,SIGABRT,False,False,c4_compiled_inter-IE_mac_sch_f797_f848/ue_crash_1_20260113_072453.log
/home/openairinterface5g/openair2/LAYER2/NR_MAC_COMMON/nr_mac_common.c:5139,SIGABRT,False,False,c4_compiled_inter-IE_mac_sch_f797_f848/ue_crash_1_20260113_072503.log
/home/openairinterface5g/openair2/LAYER2/NR_MAC_COMMON/nr_mac_common.c:5139,SIGABRT,False,False,c4_compiled_inter-IE_mac_sch_f797_f848/ue_crash_1_20260113_072514.log
/home/openairinterface5g/openair2/LAYER2/NR_MAC_COMMON/nr_mac_common.c:5139,SIGABRT,False,False,c4_compiled_inter-IE_mac_sch_f797_f862/ue_crash_1_20260113_072525.log
/home/openairinterface5g/openair2/LAYER2/NR_MAC_COMMON/nr_mac_common.c:5139,SIGABRT,False,False,c4_compiled_inter-IE_mac_sch_f797_f862/ue_crash_1_20260113_072536.log
/home/openairinterface5g/openair2/LAYER2/NR_MAC_COMMON/nr_mac_common.c:5139,SIGABRT,False,False,c4_compiled_inter-IE_mac_sch_f797_f862/ue_crash_1_20260113_072547.log
/home/openairinterface5g/openair2/LAYER2/NR_MAC_COMMON/nr_mac_common.c:5139,SIGABRT,False,False,c4_compiled_inter-IE_mac_sch_f797_f887/ue_crash_1_20260113_072558.log
/home/openairinterface5g/openair2/LAYER2/NR_MAC_COMMON/nr_mac_common.c:5139,SIGABRT,False,False,c4_compiled_inter-IE_mac_sch_f797_f887/ue_crash_1_20260113_072609.log
/home/openairinterface5g/openair2/LAYER2/NR_MAC_COMMON/nr_mac_common.c:5139,SIGABRT,False,False,c4_compiled_inter-IE_mac_sch_f797_f887/ue_crash_1_20260113_072620.log
/home/openairinterface5g/openair2/LAYER2/NR_MAC_COMMON/nr_mac_common.c:5139,SIGABRT,False,False,c4_compiled_inter-IE_mac_sch_f797_f901/ue_crash_1_20260113_072631.log
/home/openairinterface5g/openair2/LAYER2/NR_MAC_COMMON/nr_mac_common.c:5139,SIGABRT,False,False,c4_compiled_inter-IE_mac_sch_f797_f901/ue_crash_1_20260113_072641.log
/home/openairinterface5g/openair2/LAYER2/NR_MAC_COMMON/nr_mac_common.c:5139,SIGABRT,False,False,c4_compiled_inter-IE_mac_sch_f797_f901/ue_crash_1_20260113_072653.log
/home/openairinterface5g/openair2/LAYER2/NR_MAC_COMMON/nr_mac_common.c:5139,SIGABRT,False,False,c4_compiled_inter-IE_mac_sch_f797_f926/ue_crash_1_20260113_072704.log
/home/openairinterface5g/openair2/LAYER2/NR_MAC_COMMON/nr_mac_common.c:5139,SIGABRT,False,False,c4_compiled_inter-IE_mac_sch_f797_f926/ue_crash_1_20260113_072715.log
/home/openairinterface5g/openair2/LAYER2/NR_MAC_COMMON/nr_mac_common.c:5139,SIGABRT,False,False,c4_compiled_inter-IE_mac_sch_f797_f926/ue_crash_1_20260113_072726.log
/home/openairinterface5g/openair2/LAYER2/NR_MAC_COMMON/nr_mac_common.c:5139,SIGABRT,False,False,c4_compiled_inter-IE_mac_sch_f800_f812/ue_crash_1_20260113_072847.log
/home/openairinterface5g/openair2/LAYER2/NR_MAC_COMMON/nr_mac_common.c:5139,SIGABRT,False,False,c4_compiled_inter-IE_mac_sch_f800_f812/ue_crash_1_20260113_072858.log
/home/openairinterface5g/openair2/LAYER2/NR_MAC_COMMON/nr_mac_common.c:5139,SIGABRT,False,False,c4_compiled_inter-IE_mac_sch_f800_f812/ue_crash_1_20260113_072909.log
/home/openairinterface5g/openair2/LAYER2/NR_MAC_COMMON/nr_mac_common.c:5139,SIGABRT,False,False,c4_compiled_inter-IE_mac_sch_f800_f823/ue_crash_1_20260113_072956.log
/home/openairinterface5g/openair2/LAYER2/NR_MAC_COMMON/nr_mac_common.c:5139,SIGABRT,False,False,c4_compiled_inter-IE_mac_sch_f800_f823/ue_crash_1_20260113_073007.log
/home/openairinterface5g/openair2/LAYER2/NR_MAC_COMMON/nr_mac_common.c:5139,SIGABRT,False,False,c4_compiled_inter-IE_mac_sch_f800_f823/ue_crash_1_20260113_073017.log
/home/openairinterface5g/openair2/LAYER2/NR_MAC_COMMON/nr_mac_common.c:5139,SIGABRT,False,False,c4_compiled_inter-IE_mac_sch_f800_f848/ue_crash_1_20260113_073139.log
/home/openairinterface5g/openair2/LAYER2/NR_MAC_COMMON/nr_mac_common.c:5139,SIGABRT,False,False,c4_compiled_inter-IE_mac_sch_f800_f848/ue_crash_1_20260113_073150.log
/home/openairinterface5g/openair2/LAYER2/NR_MAC_COMMON/nr_mac_common.c:5139,SIGABRT,False,False,c4_compiled_inter-IE_mac_sch_f800_f848/ue_crash_1_20260113_073201.log
/home/openairinterface5g/openair2/LAYER2/NR_MAC_COMMON/nr_mac_common.c:5139,SIGABRT,False,False,c4_compiled_inter-IE_mac_sch_f800_f862/ue_crash_1_20260113_073248.log
/home/openairinterface5g/openair2/LAYER2/NR_MAC_COMMON/nr_mac_common.c:5139,SIGABRT,False,False,c4_compiled_inter-IE_mac_sch_f800_f862/ue_crash_1_20260113_073258.log
/home/openairinterface5g/openair2/LAYER2/NR_MAC_COMMON/nr_mac_common.c:5139,SIGABRT,False,False,c4_compiled_inter-IE_mac_sch_f800_f862/ue_crash_1_20260113_073310.log
/home/openairinterface5g/openair2/LAYER2/NR_MAC_COMMON/nr_mac_common.c:5139,SIGABRT,False,False,c4_compiled_inter-IE_mac_sch_f800_f887/ue_crash_1_20260113_073431.log
/home/openairinterface5g/openair2/LAYER2/NR_MAC_COMMON/nr_mac_common.c:5139,SIGABRT,False,False,c4_compiled_inter-IE_mac_sch_f800_f887/ue_crash_1_20260113_073442.log
/home/openairinterface5g/openair2/LAYER2/NR_MAC_COMMON/nr_mac_common.c:5139,SIGABRT,False,False,c4_compiled_inter-IE_mac_sch_f800_f887/ue_crash_1_20260113_073453.log
/home/openairinterface5g/openair2/LAYER2/NR_MAC_COMMON/nr_mac_common.c:5139,SIGABRT,False,False,c4_compiled_inter-IE_mac_sch_f800_f901/ue_crash_1_20260113_073539.log
/home/openairinterface5g/openair2/LAYER2/NR_MAC_COMMON/nr_mac_common.c:5139,SIGABRT,False,False,c4_compiled_inter-IE_mac_sch_f800_f901/ue_crash_1_20260113_073550.log
/home/openairinterface5g/openair2/LAYER2/NR_MAC_COMMON/nr_mac_common.c:5139,SIGABRT,False,False,c4_compiled_inter-IE_mac_sch_f800_f901/ue_crash_1_20260113_073601.log
/home/openairinterface5g/openair2/LAYER2/NR_MAC_COMMON/nr_mac_common.c:5139,SIGABRT,False,False,c4_compiled_inter-IE_mac_sch_f800_f926/ue_crash_1_20260113_073723.log
/home/openairinterface5g/openair2/LAYER2/NR_MAC_COMMON/nr_mac_common.c:5139,SIGABRT,False,False,c4_compiled_inter-IE_mac_sch_f800_f926/ue_crash_1_20260113_073734.log
/home/openairinterface5g/openair2/LAYER2/NR_MAC_COMMON/nr_mac_common.c:5139,SIGABRT,False,False,c4_compiled_inter-IE_mac_sch_f800_f926/ue_crash_1_20260113_073745.log
/home/openairinterface5g/openair2/LAYER2/NR_MAC_COMMON/nr_mac_common.c:5139,SIGABRT,False,False,c4_compiled_inter-IE_mac_sch_f802_f823/ue_crash_1_20260113_074052.log
/home/openairinterface5g/openair2/LAYER2/NR_MAC_COMMON/nr_mac_common.c:5139,SIGABRT,False,False,c4_compiled_inter-IE_mac_sch_f802_f823/ue_crash_1_20260113_074103.log
/home/openairinterface5g/openair2/LAYER2/NR_MAC_COMMON/nr_mac_common.c:5139,SIGABRT,False,False,c4_compiled_inter-IE_mac_sch_f802_f823/ue_crash_1_20260113_074114.log
/home/openairinterface5g/openair2/LAYER2/NR_MAC_COMMON/nr_mac_common.c:5139,SIGABRT,False,False,c4_compiled_inter-IE_mac_sch_f802_f848/ue_crash_1_20260113_074125.log
/home/openairinterface5g/openair2/LAYER2/NR_MAC_COMMON/nr_mac_common.c:5139,SIGABRT,False,False,c4_compiled_inter-IE_mac_sch_f802_f848/ue_crash_1_20260113_074136.log
/home/openairinterface5g/openair2/LAYER2/NR_MAC_COMMON/nr_mac_common.c:5139,SIGABRT,False,False,c4_compiled_inter-IE_mac_sch_f802_f848/ue_crash_1_20260113_074147.log
/home/openairinterface5g/openair2/LAYER2/NR_MAC_COMMON/nr_mac_common.c:5139,SIGABRT,False,False,c4_compiled_inter-IE_mac_sch_f802_f862/ue_crash_1_20260113_074157.log
/home/openairinterface5g/openair2/LAYER2/NR_MAC_COMMON/nr_mac_common.c:5139,SIGABRT,False,False,c4_compiled_inter-IE_mac_sch_f802_f862/ue_crash_1_20260113_074209.log
/home/openairinterface5g/openair2/LAYER2/NR_MAC_COMMON/nr_mac_common.c:5139,SIGABRT,False,False,c4_compiled_inter-IE_mac_sch_f802_f862/ue_crash_1_20260113_074220.log
/home/openairinterface5g/openair2/LAYER2/NR_MAC_COMMON/nr_mac_common.c:5139,SIGABRT,False,False,c4_compiled_inter-IE_mac_sch_f802_f887/ue_crash_1_20260113_074230.log
/home/openairinterface5g/openair2/LAYER2/NR_MAC_COMMON/nr_mac_common.c:5139,SIGABRT,False,False,c4_compiled_inter-IE_mac_sch_f802_f887/ue_crash_1_20260113_074241.log
/home/openairinterface5g/openair2/LAYER2/NR_MAC_COMMON/nr_mac_common.c:5139,SIGABRT,False,False,c4_compiled_inter-IE_mac_sch_f802_f887/ue_crash_1_20260113_074252.log
/home/openairinterface5g/openair2/LAYER2/NR_MAC_COMMON/nr_mac_common.c:5139,SIGABRT,False,False,c4_compiled_inter-IE_mac_sch_f802_f901/ue_crash_1_20260113_074303.log
/home/openairinterface5g/openair2/LAYER2/NR_MAC_COMMON/nr_mac_common.c:5139,SIGABRT,False,False,c4_compiled_inter-IE_mac_sch_f802_f901/ue_crash_1_20260113_074314.log
/home/openairinterface5g/openair2/LAYER2/NR_MAC_COMMON/nr_mac_common.c:5139,SIGABRT,False,False,c4_compiled_inter-IE_mac_sch_f802_f901/ue_crash_1_20260113_074325.log
/home/openairinterface5g/openair2/LAYER2/NR_MAC_COMMON/nr_mac_common.c:5139,SIGABRT,False,False,c4_compiled_inter-IE_mac_sch_f802_f926/ue_crash_1_20260113_074336.log
/home/openairinterface5g/openair2/LAYER2/NR_MAC_COMMON/nr_mac_common.c:5139,SIGABRT,False,False,c4_compiled_inter-IE_mac_sch_f802_f926/ue_crash_1_20260113_074347.log
/home/openairinterface5g/openair2/LAYER2/NR_MAC_COMMON/nr_mac_common.c:5139,SIGABRT,False,False,c4_compiled_inter-IE_mac_sch_f802_f926/ue_crash_1_20260113_074358.log
/home/openairinterface5g/openair2/LAYER2/NR_MAC_COMMON/nr_mac_common.c:5139,SIGABRT,False,False,c4_compiled_inter-IE_mac_sch_f805_f812/ue_crash_1_20260113_074444.log
/home/openairinterface5g/openair2/LAYER2/NR_MAC_COMMON/nr_mac_common.c:5139,SIGABRT,False,False,c4_compiled_inter-IE_mac_sch_f805_f812/ue_crash_1_20260113_074455.log
/home/openairinterface5g/openair2/LAYER2/NR_MAC_COMMON/nr_mac_common.c:5139,SIGABRT,False,False,c4_compiled_inter-IE_mac_sch_f805_f812/ue_crash_1_20260113_074506.log
/home/openairinterface5g/openair2/LAYER2/NR_MAC_COMMON/nr_mac_common.c:5139,SIGABRT,False,False,c4_compiled_inter-IE_mac_sch_f805_f823/ue_crash_1_20260113_074552.log
/home/openairinterface5g/openair2/LAYER2/NR_MAC_COMMON/nr_mac_common.c:5139,SIGABRT,False,False,c4_compiled_inter-IE_mac_sch_f805_f823/ue_crash_1_20260113_074603.log
/home/openairinterface5g/openair2/LAYER2/NR_MAC_COMMON/nr_mac_common.c:5139,SIGABRT,False,False,c4_compiled_inter-IE_mac_sch_f805_f823/ue_crash_1_20260113_074614.log
/home/openairinterface5g/openair2/LAYER2/NR_MAC_COMMON/nr_mac_common.c:5139,SIGABRT,False,False,c4_compiled_inter-IE_mac_sch_f805_f848/ue_crash_1_20260113_074735.log
/home/openairinterface5g/openair2/LAYER2/NR_MAC_COMMON/nr_mac_common.c:5139,SIGABRT,False,False,c4_compiled_inter-IE_mac_sch_f805_f848/ue_crash_1_20260113_074746.log
/home/openairinterface5g/openair2/LAYER2/NR_MAC_COMMON/nr_mac_common.c:5139,SIGABRT,False,False,c4_compiled_inter-IE_mac_sch_f805_f848/ue_crash_1_20260113_074757.log
/home/openairinterface5g/openair2/LAYER2/NR_MAC_COMMON/nr_mac_common.c:5139,SIGABRT,False,False,c4_compiled_inter-IE_mac_sch_f805_f862/ue_crash_1_20260113_074843.log
/home/openairinterface5g/openair2/LAYER2/NR_MAC_COMMON/nr_mac_common.c:5139,SIGABRT,False,False,c4_compiled_inter-IE_mac_sch_f805_f862/ue_crash_1_20260113_074854.log
/home/openairinterface5g/openair2/LAYER2/NR_MAC_COMMON/nr_mac_common.c:5139,SIGABRT,False,False,c4_compiled_inter-IE_mac_sch_f805_f862/ue_crash_1_20260113_074904.log
/home/openairinterface5g/openair2/LAYER2/NR_MAC_COMMON/nr_mac_common.c:5139,SIGABRT,False,False,c4_compiled_inter-IE_mac_sch_f805_f887/ue_crash_1_20260113_075027.log
/home/openairinterface5g/openair2/LAYER2/NR_MAC_COMMON/nr_mac_common.c:5139,SIGABRT,False,False,c4_compiled_inter-IE_mac_sch_f805_f887/ue_crash_1_20260113_075038.log
/home/openairinterface5g/openair2/LAYER2/NR_MAC_COMMON/nr_mac_common.c:5139,SIGABRT,False,False,c4_compiled_inter-IE_mac_sch_f805_f887/ue_crash_1_20260113_075049.log
/home/openairinterface5g/openair2/LAYER2/NR_MAC_COMMON/nr_mac_common.c:5139,SIGABRT,False,False,c4_compiled_inter-IE_mac_sch_f805_f901/ue_crash_1_20260113_075135.log
/home/openairinterface5g/openair2/LAYER2/NR_MAC_COMMON/nr_mac_common.c:5139,SIGABRT,False,False,c4_compiled_inter-IE_mac_sch_f805_f901/ue_crash_1_20260113_075146.log
/home/openairinterface5g/openair2/LAYER2/NR_MAC_COMMON/nr_mac_common.c:5139,SIGABRT,False,False,c4_compiled_inter-IE_mac_sch_f805_f901/ue_crash_1_20260113_075157.log
/home/openairinterface5g/openair2/LAYER2/NR_MAC_COMMON/nr_mac_common.c:5139,SIGABRT,False,False,c4_compiled_inter-IE_mac_sch_f805_f926/ue_crash_1_20260113_075318.log
/home/openairinterface5g/openair2/LAYER2/NR_MAC_COMMON/nr_mac_common.c:5139,SIGABRT,False,False,c4_compiled_inter-IE_mac_sch_f805_f926/ue_crash_1_20260113_075329.log
/home/openairinterface5g/openair2/LAYER2/NR_MAC_COMMON/nr_mac_common.c:5139,SIGABRT,False,False,c4_compiled_inter-IE_mac_sch_f805_f926/ue_crash_1_20260113_075340.log
/home/openairinterface5g/openair2/LAYER2/NR_MAC_COMMON/nr_mac_common.c:5139,SIGABRT,False,False,c4_compiled_inter-IE_mac_sch_f807_f823/ue_crash_1_20260113_075612.log
/home/openairinterface5g/openair2/LAYER2/NR_MAC_COMMON/nr_mac_common.c:5139,SIGABRT,False,False,c4_compiled_inter-IE_mac_sch_f807_f823/ue_crash_1_20260113_075623.log
/home/openairinterface5g/openair2/LAYER2/NR_MAC_COMMON/nr_mac_common.c:5139,SIGABRT,False,False,c4_compiled_inter-IE_mac_sch_f807_f823/ue_crash_1_20260113_075633.log
/home/openairinterface5g/openair2/LAYER2/NR_MAC_COMMON/nr_mac_common.c:5139,SIGABRT,False,False,c4_compiled_inter-IE_mac_sch_f807_f848/ue_crash_1_20260113_075645.log
/home/openairinterface5g/openair2/LAYER2/NR_MAC_COMMON/nr_mac_common.c:5139,SIGABRT,False,False,c4_compiled_inter-IE_mac_sch_f807_f848/ue_crash_1_20260113_075656.log
/home/openairinterface5g/openair2/LAYER2/NR_MAC_COMMON/nr_mac_common.c:5139,SIGABRT,False,False,c4_compiled_inter-IE_mac_sch_f807_f848/ue_crash_1_20260113_075706.log
/home/openairinterface5g/openair2/LAYER2/NR_MAC_COMMON/nr_mac_common.c:5139,SIGABRT,False,False,c4_compiled_inter-IE_mac_sch_f807_f862/ue_crash_1_20260113_075717.log
/home/openairinterface5g/openair2/LAYER2/NR_MAC_COMMON/nr_mac_common.c:5139,SIGABRT,False,False,c4_compiled_inter-IE_mac_sch_f807_f862/ue_crash_1_20260113_075728.log
/home/openairinterface5g/openair2/LAYER2/NR_MAC_COMMON/nr_mac_common.c:5139,SIGABRT,False,False,c4_compiled_inter-IE_mac_sch_f807_f862/ue_crash_1_20260113_075739.log
/home/openairinterface5g/openair2/LAYER2/NR_MAC_COMMON/nr_mac_common.c:5139,SIGABRT,False,False,c4_compiled_inter-IE_mac_sch_f807_f887/ue_crash_1_20260113_075750.log
/home/openairinterface5g/openair2/LAYER2/NR_MAC_COMMON/nr_mac_common.c:5139,SIGABRT,False,False,c4_compiled_inter-IE_mac_sch_f807_f887/ue_crash_1_20260113_075801.log
/home/openairinterface5g/openair2/LAYER2/NR_MAC_COMMON/nr_mac_common.c:5139,SIGABRT,False,False,c4_compiled_inter-IE_mac_sch_f807_f887/ue_crash_1_20260113_075812.log
/home/openairinterface5g/openair2/LAYER2/NR_MAC_COMMON/nr_mac_common.c:5139,SIGABRT,False,False,c4_compiled_inter-IE_mac_sch_f807_f901/ue_crash_1_20260113_075823.log
/home/openairinterface5g/openair2/LAYER2/NR_MAC_COMMON/nr_mac_common.c:5139,SIGABRT,False,False,c4_compiled_inter-IE_mac_sch_f807_f901/ue_crash_1_20260113_075834.log
/home/openairinterface5g/openair2/LAYER2/NR_MAC_COMMON/nr_mac_common.c:5139,SIGABRT,False,False,c4_compiled_inter-IE_mac_sch_f807_f901/ue_crash_1_20260113_075845.log
/home/openairinterface5g/openair2/LAYER2/NR_MAC_COMMON/nr_mac_common.c:5139,SIGABRT,False,False,c4_compiled_inter-IE_mac_sch_f807_f926/ue_crash_1_20260113_075856.log
/home/openairinterface5g/openair2/LAYER2/NR_MAC_COMMON/nr_mac_common.c:5139,SIGABRT,False,False,c4_compiled_inter-IE_mac_sch_f807_f926/ue_crash_1_20260113_075906.log
/home/openairinterface5g/openair2/LAYER2/NR_MAC_COMMON/nr_mac_common.c:5139,SIGABRT,False,False,c4_compiled_inter-IE_mac_sch_f807_f926/ue_crash_1_20260113_075917.log
/home/openairinterface5g/openair2/LAYER2/NR_MAC_COMMON/nr_mac_common.c:5139,SIGABRT,False,False,c4_compiled_inter-IE_mac_sch_f810_f812/ue_crash_1_20260113_080630.log
/home/openairinterface5g/openair2/LAYER2/NR_MAC_COMMON/nr_mac_common.c:5139,SIGABRT,False,False,c4_compiled_inter-IE_mac_sch_f810_f812/ue_crash_1_20260113_080641.log
/home/openairinterface5g/openair2/LAYER2/NR_MAC_COMMON/nr_mac_common.c:5139,SIGABRT,False,False,c4_compiled_inter-IE_mac_sch_f810_f812/ue_crash_1_20260113_080652.log
/home/openairinterface5g/openair2/LAYER2/NR_MAC_COMMON/nr_mac_common.c:5139,SIGABRT,False,False,c4_compiled_inter-IE_mac_sch_f810_f823/ue_crash_1_20260113_080738.log
/home/openairinterface5g/openair2/LAYER2/NR_MAC_COMMON/nr_mac_common.c:5139,SIGABRT,False,False,c4_compiled_inter-IE_mac_sch_f810_f823/ue_crash_1_20260113_080749.log
/home/openairinterface5g/openair2/LAYER2/NR_MAC_COMMON/nr_mac_common.c:5139,SIGABRT,False,False,c4_compiled_inter-IE_mac_sch_f810_f823/ue_crash_1_20260113_080800.log
/home/openairinterface5g/openair2/LAYER2/NR_MAC_COMMON/nr_mac_common.c:5139,SIGABRT,False,False,c4_compiled_inter-IE_mac_sch_f810_f848/ue_crash_1_20260113_080922.log
/home/openairinterface5g/openair2/LAYER2/NR_MAC_COMMON/nr_mac_common.c:5139,SIGABRT,False,False,c4_compiled_inter-IE_mac_sch_f810_f848/ue_crash_1_20260113_080933.log
/home/openairinterface5g/openair2/LAYER2/NR_MAC_COMMON/nr_mac_common.c:5139,SIGABRT,False,False,c4_compiled_inter-IE_mac_sch_f810_f848/ue_crash_1_20260113_080943.log
/home/openairinterface5g/openair2/LAYER2/NR_MAC_COMMON/nr_mac_common.c:5139,SIGABRT,False,False,c4_compiled_inter-IE_mac_sch_f810_f862/ue_crash_1_20260113_081030.log
/home/openairinterface5g/openair2/LAYER2/NR_MAC_COMMON/nr_mac_common.c:5139,SIGABRT,False,False,c4_compiled_inter-IE_mac_sch_f810_f862/ue_crash_1_20260113_081041.log
/home/openairinterface5g/openair2/LAYER2/NR_MAC_COMMON/nr_mac_common.c:5139,SIGABRT,False,False,c4_compiled_inter-IE_mac_sch_f810_f862/ue_crash_1_20260113_081052.log
/home/openairinterface5g/openair2/LAYER2/NR_MAC_COMMON/nr_mac_common.c:5139,SIGABRT,False,False,c4_compiled_inter-IE_mac_sch_f810_f887/ue_crash_1_20260113_081213.log
/home/openairinterface5g/openair2/LAYER2/NR_MAC_COMMON/nr_mac_common.c:5139,SIGABRT,False,False,c4_compiled_inter-IE_mac_sch_f810_f887/ue_crash_1_20260113_081224.log
/home/openairinterface5g/openair2/LAYER2/NR_MAC_COMMON/nr_mac_common.c:5139,SIGABRT,False,False,c4_compiled_inter-IE_mac_sch_f810_f887/ue_crash_1_20260113_081235.log
/home/openairinterface5g/openair2/LAYER2/NR_MAC_COMMON/nr_mac_common.c:5139,SIGABRT,False,False,c4_compiled_inter-IE_mac_sch_f810_f901/ue_crash_1_20260113_081321.log
/home/openairinterface5g/openair2/LAYER2/NR_MAC_COMMON/nr_mac_common.c:5139,SIGABRT,False,False,c4_compiled_inter-IE_mac_sch_f810_f901/ue_crash_1_20260113_081332.log
/home/openairinterface5g/openair2/LAYER2/NR_MAC_COMMON/nr_mac_common.c:5139,SIGABRT,False,False,c4_compiled_inter-IE_mac_sch_f810_f901/ue_crash_1_20260113_081343.log
/home/openairinterface5g/openair2/LAYER2/NR_MAC_COMMON/nr_mac_common.c:5139,SIGABRT,False,False,c4_compiled_inter-IE_mac_sch_f810_f926/ue_crash_1_20260113_081505.log
/home/openairinterface5g/openair2/LAYER2/NR_MAC_COMMON/nr_mac_common.c:5139,SIGABRT,False,False,c4_compiled_inter-IE_mac_sch_f810_f926/ue_crash_1_20260113_081516.log
/home/openairinterface5g/openair2/LAYER2/NR_MAC_COMMON/nr_mac_common.c:5139,SIGABRT,False,False,c4_compiled_inter-IE_mac_sch_f810_f926/ue_crash_1_20260113_081527.log
/home/openairinterface5g/openair2/LAYER2/NR_MAC_COMMON/nr_mac_common.c:5139,SIGABRT,False,False,c4_compiled_inter-IE_mac_sch_f812_f823/ue_crash_1_20260113_081724.log
/home/openairinterface5g/openair2/LAYER2/NR_MAC_COMMON/nr_mac_common.c:5139,SIGABRT,False,False,c4_compiled_inter-IE_mac_sch_f812_f823/ue_crash_1_20260113_081735.log
/home/openairinterface5g/openair2/LAYER2/NR_MAC_COMMON/nr_mac_common.c:5139,SIGABRT,False,False,c4_compiled_inter-IE_mac_sch_f812_f823/ue_crash_1_20260113_081746.log
/home/openairinterface5g/openair2/LAYER2/NR_MAC_COMMON/nr_mac_common.c:5139,SIGABRT,False,False,c4_compiled_inter-IE_mac_sch_f812_f848/ue_crash_1_20260113_081757.log
/home/openairinterface5g/openair2/LAYER2/NR_MAC_COMMON/nr_mac_common.c:5139,SIGABRT,False,False,c4_compiled_inter-IE_mac_sch_f812_f848/ue_crash_1_20260113_081808.log
/home/openairinterface5g/openair2/LAYER2/NR_MAC_COMMON/nr_mac_common.c:5139,SIGABRT,False,False,c4_compiled_inter-IE_mac_sch_f812_f848/ue_crash_1_20260113_081818.log
/home/openairinterface5g/openair2/LAYER2/NR_MAC_COMMON/nr_mac_common.c:5139,SIGABRT,False,False,c4_compiled_inter-IE_mac_sch_f812_f862/ue_crash_1_20260113_081829.log
/home/openairinterface5g/openair2/LAYER2/NR_MAC_COMMON/nr_mac_common.c:5139,SIGABRT,False,False,c4_compiled_inter-IE_mac_sch_f812_f862/ue_crash_1_20260113_081840.log
/home/openairinterface5g/openair2/LAYER2/NR_MAC_COMMON/nr_mac_common.c:5139,SIGABRT,False,False,c4_compiled_inter-IE_mac_sch_f812_f862/ue_crash_1_20260113_081851.log
/home/openairinterface5g/openair2/LAYER2/NR_MAC_COMMON/nr_mac_common.c:5139,SIGABRT,False,False,c4_compiled_inter-IE_mac_sch_f812_f887/ue_crash_1_20260113_081902.log
/home/openairinterface5g/openair2/LAYER2/NR_MAC_COMMON/nr_mac_common.c:5139,SIGABRT,False,False,c4_compiled_inter-IE_mac_sch_f812_f887/ue_crash_1_20260113_081913.log
/home/openairinterface5g/openair2/LAYER2/NR_MAC_COMMON/nr_mac_common.c:5139,SIGABRT,False,False,c4_compiled_inter-IE_mac_sch_f812_f887/ue_crash_1_20260113_081924.log
/home/openairinterface5g/openair2/LAYER2/NR_MAC_COMMON/nr_mac_common.c:5139,SIGABRT,False,False,c4_compiled_inter-IE_mac_sch_f812_f901/ue_crash_1_20260113_081935.log
/home/openairinterface5g/openair2/LAYER2/NR_MAC_COMMON/nr_mac_common.c:5139,SIGABRT,False,False,c4_compiled_inter-IE_mac_sch_f812_f901/ue_crash_1_20260113_081946.log
/home/openairinterface5g/openair2/LAYER2/NR_MAC_COMMON/nr_mac_common.c:5139,SIGABRT,False,False,c4_compiled_inter-IE_mac_sch_f812_f901/ue_crash_1_20260113_081957.log
/home/openairinterface5g/openair2/LAYER2/NR_MAC_COMMON/nr_mac_common.c:5139,SIGABRT,False,False,c4_compiled_inter-IE_mac_sch_f812_f926/ue_crash_1_20260113_082008.log
/home/openairinterface5g/openair2/LAYER2/NR_MAC_COMMON/nr_mac_common.c:5139,SIGABRT,False,False,c4_compiled_inter-IE_mac_sch_f812_f926/ue_crash_1_20260113_082018.log
/home/openairinterface5g/openair2/LAYER2/NR_MAC_COMMON/nr_mac_common.c:5139,SIGABRT,False,False,c4_compiled_inter-IE_mac_sch_f812_f926/ue_crash_1_20260113_082030.log
/home/openairinterface5g/openair2/LAYER2/NR_MAC_COMMON/nr_mac_common.c:5139,SIGABRT,False,False,c4_compiled_inter-IE_mac_sch_f815_f823/ue_crash_1_20260113_082116.log
/home/openairinterface5g/openair2/LAYER2/NR_MAC_COMMON/nr_mac_common.c:5139,SIGABRT,False,False,c4_compiled_inter-IE_mac_sch_f815_f823/ue_crash_1_20260113_082127.log
/home/openairinterface5g/openair2/LAYER2/NR_MAC_COMMON/nr_mac_common.c:5139,SIGABRT,False,False,c4_compiled_inter-IE_mac_sch_f815_f823/ue_crash_1_20260113_082138.log
/home/openairinterface5g/openair2/LAYER2/NR_MAC_COMMON/nr_mac_common.c:5139,SIGABRT,False,False,c4_compiled_inter-IE_mac_sch_f815_f848/ue_crash_1_20260113_082300.log
/home/openairinterface5g/openair2/LAYER2/NR_MAC_COMMON/nr_mac_common.c:5139,SIGABRT,False,False,c4_compiled_inter-IE_mac_sch_f815_f848/ue_crash_1_20260113_082311.log
/home/openairinterface5g/openair2/LAYER2/NR_MAC_COMMON/nr_mac_common.c:5139,SIGABRT,False,False,c4_compiled_inter-IE_mac_sch_f815_f848/ue_crash_1_20260113_082321.log
/home/openairinterface5g/openair2/LAYER2/NR_MAC_COMMON/nr_mac_common.c:5139,SIGABRT,False,False,c4_compiled_inter-IE_mac_sch_f815_f862/ue_crash_1_20260113_082408.log
/home/openairinterface5g/openair2/LAYER2/NR_MAC_COMMON/nr_mac_common.c:5139,SIGABRT,False,False,c4_compiled_inter-IE_mac_sch_f815_f862/ue_crash_1_20260113_082419.log
/home/openairinterface5g/openair2/LAYER2/NR_MAC_COMMON/nr_mac_common.c:5139,SIGABRT,False,False,c4_compiled_inter-IE_mac_sch_f815_f862/ue_crash_1_20260113_082430.log
/home/openairinterface5g/openair2/LAYER2/NR_MAC_COMMON/nr_mac_common.c:5139,SIGABRT,False,False,c4_compiled_inter-IE_mac_sch_f815_f887/ue_crash_1_20260113_082551.log
/home/openairinterface5g/openair2/LAYER2/NR_MAC_COMMON/nr_mac_common.c:5139,SIGABRT,False,False,c4_compiled_inter-IE_mac_sch_f815_f887/ue_crash_1_20260113_082602.log
/home/openairinterface5g/openair2/LAYER2/NR_MAC_COMMON/nr_mac_common.c:5139,SIGABRT,False,False,c4_compiled_inter-IE_mac_sch_f815_f887/ue_crash_1_20260113_082613.log
/home/openairinterface5g/openair2/LAYER2/NR_MAC_COMMON/nr_mac_common.c:5139,SIGABRT,False,False,c4_compiled_inter-IE_mac_sch_f815_f901/ue_crash_1_20260113_082700.log
/home/openairinterface5g/openair2/LAYER2/NR_MAC_COMMON/nr_mac_common.c:5139,SIGABRT,False,False,c4_compiled_inter-IE_mac_sch_f815_f901/ue_crash_1_20260113_082711.log
/home/openairinterface5g/openair2/LAYER2/NR_MAC_COMMON/nr_mac_common.c:5139,SIGABRT,False,False,c4_compiled_inter-IE_mac_sch_f815_f901/ue_crash_1_20260113_082722.log
/home/openairinterface5g/openair2/LAYER2/NR_MAC_COMMON/nr_mac_common.c:5139,SIGABRT,False,False,c4_compiled_inter-IE_mac_sch_f815_f926/ue_crash_1_20260113_082843.log
/home/openairinterface5g/openair2/LAYER2/NR_MAC_COMMON/nr_mac_common.c:5139,SIGABRT,False,False,c4_compiled_inter-IE_mac_sch_f815_f926/ue_crash_1_20260113_082854.log
/home/openairinterface5g/openair2/LAYER2/NR_MAC_COMMON/nr_mac_common.c:5139,SIGABRT,False,False,c4_compiled_inter-IE_mac_sch_f815_f926/ue_crash_1_20260113_082905.log
/home/openairinterface5g/openair2/LAYER2/NR_MAC_COMMON/nr_mac_common.c:5139,SIGABRT,False,False,c4_compiled_inter-IE_mac_sch_f817_f823/ue_crash_1_20260113_083027.log
/home/openairinterface5g/openair2/LAYER2/NR_MAC_COMMON/nr_mac_common.c:5139,SIGABRT,False,False,c4_compiled_inter-IE_mac_sch_f817_f823/ue_crash_1_20260113_083038.log
/home/openairinterface5g/openair2/LAYER2/NR_MAC_COMMON/nr_mac_common.c:5139,SIGABRT,False,False,c4_compiled_inter-IE_mac_sch_f817_f823/ue_crash_1_20260113_083049.log
/home/openairinterface5g/openair2/LAYER2/NR_MAC_COMMON/nr_mac_common.c:5139,SIGABRT,False,False,c4_compiled_inter-IE_mac_sch_f817_f848/ue_crash_1_20260113_083059.log
/home/openairinterface5g/openair2/LAYER2/NR_MAC_COMMON/nr_mac_common.c:5139,SIGABRT,False,False,c4_compiled_inter-IE_mac_sch_f817_f848/ue_crash_1_20260113_083111.log
/home/openairinterface5g/openair2/LAYER2/NR_MAC_COMMON/nr_mac_common.c:5139,SIGABRT,False,False,c4_compiled_inter-IE_mac_sch_f817_f848/ue_crash_1_20260113_083122.log
/home/openairinterface5g/openair2/LAYER2/NR_MAC_COMMON/nr_mac_common.c:5139,SIGABRT,False,False,c4_compiled_inter-IE_mac_sch_f817_f862/ue_crash_1_20260113_083133.log
/home/openairinterface5g/openair2/LAYER2/NR_MAC_COMMON/nr_mac_common.c:5139,SIGABRT,False,False,c4_compiled_inter-IE_mac_sch_f817_f862/ue_crash_1_20260113_083143.log
/home/openairinterface5g/openair2/LAYER2/NR_MAC_COMMON/nr_mac_common.c:5139,SIGABRT,False,False,c4_compiled_inter-IE_mac_sch_f817_f862/ue_crash_1_20260113_083154.log
/home/openairinterface5g/openair2/LAYER2/NR_MAC_COMMON/nr_mac_common.c:5139,SIGABRT,False,False,c4_compiled_inter-IE_mac_sch_f817_f887/ue_crash_1_20260113_083205.log
/home/openairinterface5g/openair2/LAYER2/NR_MAC_COMMON/nr_mac_common.c:5139,SIGABRT,False,False,c4_compiled_inter-IE_mac_sch_f817_f887/ue_crash_1_20260113_083216.log
/home/openairinterface5g/openair2/LAYER2/NR_MAC_COMMON/nr_mac_common.c:5139,SIGABRT,False,False,c4_compiled_inter-IE_mac_sch_f817_f887/ue_crash_1_20260113_083227.log
/home/openairinterface5g/openair2/LAYER2/NR_MAC_COMMON/nr_mac_common.c:5139,SIGABRT,False,False,c4_compiled_inter-IE_mac_sch_f817_f901/ue_crash_1_20260113_083238.log
/home/openairinterface5g/openair2/LAYER2/NR_MAC_COMMON/nr_mac_common.c:5139,SIGABRT,False,False,c4_compiled_inter-IE_mac_sch_f817_f901/ue_crash_1_20260113_083249.log
/home/openairinterface5g/openair2/LAYER2/NR_MAC_COMMON/nr_mac_common.c:5139,SIGABRT,False,False,c4_compiled_inter-IE_mac_sch_f817_f901/ue_crash_1_20260113_083259.log
/home/openairinterface5g/openair2/LAYER2/NR_MAC_COMMON/nr_mac_common.c:5139,SIGABRT,False,False,c4_compiled_inter-IE_mac_sch_f817_f926/ue_crash_1_20260113_083311.log
/home/openairinterface5g/openair2/LAYER2/NR_MAC_COMMON/nr_mac_common.c:5139,SIGABRT,False,False,c4_compiled_inter-IE_mac_sch_f817_f926/ue_crash_1_20260113_083322.log
/home/openairinterface5g/openair2/LAYER2/NR_MAC_COMMON/nr_mac_common.c:5139,SIGABRT,False,False,c4_compiled_inter-IE_mac_sch_f817_f926/ue_crash_1_20260113_083333.log
/home/openairinterface5g/openair2/LAYER2/NR_MAC_COMMON/nr_mac_common.c:5139,SIGABRT,False,False,c4_compiled_inter-IE_mac_sch_f820_f823/ue_crash_1_20260113_083344.log
/home/openairinterface5g/openair2/LAYER2/NR_MAC_COMMON/nr_mac_common.c:5139,SIGABRT,False,False,c4_compiled_inter-IE_mac_sch_f820_f823/ue_crash_1_20260113_083355.log
/home/openairinterface5g/openair2/LAYER2/NR_MAC_COMMON/nr_mac_common.c:5139,SIGABRT,False,False,c4_compiled_inter-IE_mac_sch_f820_f823/ue_crash_1_20260113_083406.log
/home/openairinterface5g/openair2/LAYER2/NR_MAC_COMMON/nr_mac_common.c:5139,SIGABRT,False,False,c4_compiled_inter-IE_mac_sch_f820_f848/ue_crash_1_20260113_083527.log
/home/openairinterface5g/openair2/LAYER2/NR_MAC_COMMON/nr_mac_common.c:5139,SIGABRT,False,False,c4_compiled_inter-IE_mac_sch_f820_f848/ue_crash_1_20260113_083538.log
/home/openairinterface5g/openair2/LAYER2/NR_MAC_COMMON/nr_mac_common.c:5139,SIGABRT,False,False,c4_compiled_inter-IE_mac_sch_f820_f848/ue_crash_1_20260113_083549.log
/home/openairinterface5g/openair2/LAYER2/NR_MAC_COMMON/nr_mac_common.c:5139,SIGABRT,False,False,c4_compiled_inter-IE_mac_sch_f820_f862/ue_crash_1_20260113_083635.log
/home/openairinterface5g/openair2/LAYER2/NR_MAC_COMMON/nr_mac_common.c:5139,SIGABRT,False,False,c4_compiled_inter-IE_mac_sch_f820_f862/ue_crash_1_20260113_083645.log
/home/openairinterface5g/openair2/LAYER2/NR_MAC_COMMON/nr_mac_common.c:5139,SIGABRT,False,False,c4_compiled_inter-IE_mac_sch_f820_f862/ue_crash_1_20260113_083657.log
/home/openairinterface5g/openair2/LAYER2/NR_MAC_COMMON/nr_mac_common.c:5139,SIGABRT,False,False,c4_compiled_inter-IE_mac_sch_f820_f887/ue_crash_1_20260113_083818.log
/home/openairinterface5g/openair2/LAYER2/NR_MAC_COMMON/nr_mac_common.c:5139,SIGABRT,False,False,c4_compiled_inter-IE_mac_sch_f820_f887/ue_crash_1_20260113_083829.log
/home/openairinterface5g/openair2/LAYER2/NR_MAC_COMMON/nr_mac_common.c:5139,SIGABRT,False,False,c4_compiled_inter-IE_mac_sch_f820_f887/ue_crash_1_20260113_083840.log
/home/openairinterface5g/openair2/LAYER2/NR_MAC_COMMON/nr_mac_common.c:5139,SIGABRT,False,False,c4_compiled_inter-IE_mac_sch_f820_f901/ue_crash_1_20260113_083926.log
/home/openairinterface5g/openair2/LAYER2/NR_MAC_COMMON/nr_mac_common.c:5139,SIGABRT,False,False,c4_compiled_inter-IE_mac_sch_f820_f901/ue_crash_1_20260113_083937.log
/home/openairinterface5g/openair2/LAYER2/NR_MAC_COMMON/nr_mac_common.c:5139,SIGABRT,False,False,c4_compiled_inter-IE_mac_sch_f820_f901/ue_crash_1_20260113_083948.log
/home/openairinterface5g/openair2/LAYER2/NR_MAC_COMMON/nr_mac_common.c:5139,SIGABRT,False,False,c4_compiled_inter-IE_mac_sch_f820_f926/ue_crash_1_20260113_084110.log
/home/openairinterface5g/openair2/LAYER2/NR_MAC_COMMON/nr_mac_common.c:5139,SIGABRT,False,False,c4_compiled_inter-IE_mac_sch_f820_f926/ue_crash_1_20260113_084121.log
/home/openairinterface5g/openair2/LAYER2/NR_MAC_COMMON/nr_mac_common.c:5139,SIGABRT,False,False,c4_compiled_inter-IE_mac_sch_f820_f926/ue_crash_1_20260113_084132.log
/home/openairinterface5g/openair2/LAYER2/NR_MAC_COMMON/nr_mac_common.c:5206,SIGABRT,False,False,c3_compiled_intra-IE_mac_sch_f825_f830/ue_crash_1_20260113_032847.log
/home/openairinterface5g/openair2/LAYER2/NR_MAC_COMMON/nr_mac_common.c:5206,SIGABRT,False,False,c3_compiled_intra-IE_mac_sch_f825_f830/ue_crash_1_20260113_032858.log
/home/openairinterface5g/openair2/LAYER2/NR_MAC_COMMON/nr_mac_common.c:5206,SIGABRT,False,False,c3_compiled_intra-IE_mac_sch_f825_f830/ue_crash_1_20260113_032909.log
/home/openairinterface5g/openair2/LAYER2/NR_MAC_COMMON/nr_mac_common.c:5206,SIGABRT,False,False,c3_compiled_intra-IE_mac_sch_f830_f832/ue_crash_1_20260113_032953.log
/home/openairinterface5g/openair2/LAYER2/NR_MAC_COMMON/nr_mac_common.c:5206,SIGABRT,False,False,c3_compiled_intra-IE_mac_sch_f830_f832/ue_crash_1_20260113_033004.log
/home/openairinterface5g/openair2/LAYER2/NR_MAC_COMMON/nr_mac_common.c:5206,SIGABRT,False,False,c3_compiled_intra-IE_mac_sch_f830_f832/ue_crash_1_20260113_033015.log
/home/openairinterface5g/openair2/LAYER2/NR_MAC_COMMON/nr_mac_common.c:5206,SIGABRT,False,False,c3_compiled_intra-IE_mac_sch_f927_f932/ue_crash_1_20260113_033315.log
/home/openairinterface5g/openair2/LAYER2/NR_MAC_COMMON/nr_mac_common.c:5206,SIGABRT,False,False,c3_compiled_intra-IE_mac_sch_f927_f932/ue_crash_1_20260113_033325.log
/home/openairinterface5g/openair2/LAYER2/NR_MAC_COMMON/nr_mac_common.c:5206,SIGABRT,False,False,c3_compiled_intra-IE_mac_sch_f927_f932/ue_crash_1_20260113_033337.log
/home/openairinterface5g/openair2/LAYER2/NR_MAC_UE/config_ue.c:2570,SIGABRT,False,False,c4_compiled_inter-IE_mac_sch_f133_f359/ue_crash_1_20260113_034900.log
/home/openairinterface5g/openair2/LAYER2/NR_MAC_UE/config_ue.c:2570,SIGABRT,False,False,c4_compiled_inter-IE_mac_sch_f133_f359/ue_crash_1_20260113_034911.log
/home/openairinterface5g/openair2/LAYER2/NR_MAC_UE/config_ue.c:2570,SIGABRT,False,False,c4_compiled_inter-IE_mac_sch_f133_f359/ue_crash_1_20260113_034921.log
/home/openairinterface5g/openair2/LAYER2/NR_MAC_UE/config_ue.c:2570,SIGABRT,False,False,c4_compiled_inter-IE_mac_sch_f133_f683/ue_crash_1_20260113_035044.log
/home/openairinterface5g/openair2/LAYER2/NR_MAC_UE/config_ue.c:2570,SIGABRT,False,False,c4_compiled_inter-IE_mac_sch_f133_f683/ue_crash_1_20260113_035054.log
/home/openairinterface5g/openair2/LAYER2/NR_MAC_UE/config_ue.c:2570,SIGABRT,False,False,c4_compiled_inter-IE_mac_sch_f133_f683/ue_crash_1_20260113_035105.log
/home/openairinterface5g/openair2/LAYER2/NR_MAC_UE/config_ue.c:2570,SIGABRT,False,False,c4_compiled_inter-IE_mac_sch_f198_f359/ue_crash_1_20260113_041951.log
/home/openairinterface5g/openair2/LAYER2/NR_MAC_UE/config_ue.c:2570,SIGABRT,False,False,c4_compiled_inter-IE_mac_sch_f198_f359/ue_crash_1_20260113_042002.log
/home/openairinterface5g/openair2/LAYER2/NR_MAC_UE/config_ue.c:2570,SIGABRT,False,False,c4_compiled_inter-IE_mac_sch_f198_f359/ue_crash_1_20260113_042013.log
/home/openairinterface5g/openair2/LAYER2/NR_MAC_UE/config_ue.c:2570,SIGABRT,False,False,c4_compiled_inter-IE_mac_sch_f198_f683/ue_crash_1_20260113_042134.log
/home/openairinterface5g/openair2/LAYER2/NR_MAC_UE/config_ue.c:2570,SIGABRT,False,False,c4_compiled_inter-IE_mac_sch_f198_f683/ue_crash_1_20260113_042145.log
/home/openairinterface5g/openair2/LAYER2/NR_MAC_UE/config_ue.c:2570,SIGABRT,False,False,c4_compiled_inter-IE_mac_sch_f198_f683/ue_crash_1_20260113_042156.log
/home/openairinterface5g/openair2/LAYER2/NR_MAC_UE/config_ue.c:2570,SIGABRT,False,False,c4_compiled_inter-IE_mac_sch_f263_f359/ue_crash_1_20260113_043820.log
/home/openairinterface5g/openair2/LAYER2/NR_MAC_UE/config_ue.c:2570,SIGABRT,False,False,c4_compiled_inter-IE_mac_sch_f263_f359/ue_crash_1_20260113_043831.log
/home/openairinterface5g/openair2/LAYER2/NR_MAC_UE/config_ue.c:2570,SIGABRT,False,False,c4_compiled_inter-IE_mac_sch_f263_f359/ue_crash_1_20260113_043842.log
/home/openairinterface5g/openair2/LAYER2/NR_MAC_UE/config_ue.c:2570,SIGABRT,False,False,c4_compiled_inter-IE_mac_sch_f263_f683/ue_crash_1_20260113_044003.log
/home/openairinterface5g/openair2/LAYER2/NR_MAC_UE/config_ue.c:2570,SIGABRT,False,False,c4_compiled_inter-IE_mac_sch_f263_f683/ue_crash_1_20260113_044014.log
/home/openairinterface5g/openair2/LAYER2/NR_MAC_UE/config_ue.c:2570,SIGABRT,False,False,c4_compiled_inter-IE_mac_sch_f263_f683/ue_crash_1_20260113_044025.log
/home/openairinterface5g/openair2/LAYER2/NR_MAC_UE/config_ue.c:2570,SIGABRT,False,False,c4_compiled_inter-IE_mac_sch_f68_f359/ue_crash_1_20260113_053944.log
/home/openairinterface5g/openair2/LAYER2/NR_MAC_UE/config_ue.c:2570,SIGABRT,False,False,c4_compiled_inter-IE_mac_sch_f68_f359/ue_crash_1_20260113_053955.log
/home/openairinterface5g/openair2/LAYER2/NR_MAC_UE/config_ue.c:2570,SIGABRT,False,False,c4_compiled_inter-IE_mac_sch_f68_f359/ue_crash_1_20260113_054006.log
/home/openairinterface5g/openair2/LAYER2/NR_MAC_UE/config_ue.c:2570,SIGABRT,False,False,c4_compiled_inter-IE_mac_sch_f68_f683/ue_crash_1_20260113_054127.log
/home/openairinterface5g/openair2/LAYER2/NR_MAC_UE/config_ue.c:2570,SIGABRT,False,False,c4_compiled_inter-IE_mac_sch_f68_f683/ue_crash_1_20260113_054138.log
/home/openairinterface5g/openair2/LAYER2/NR_MAC_UE/config_ue.c:2570,SIGABRT,False,False,c4_compiled_inter-IE_mac_sch_f68_f683/ue_crash_1_20260113_054149.log
/home/openairinterface5g/openair2/LAYER2/NR_MAC_UE/nr_ue_dci_configuration.c:106,SIGABRT,False,False,c4_compiled_inter-IE_mac_sch_f108_f117/ue_crash_1_20260113_033455.log
/home/openairinterface5g/openair2/LAYER2/NR_MAC_UE/nr_ue_dci_configuration.c:106,SIGABRT,False,False,c4_compiled_inter-IE_mac_sch_f108_f117/ue_crash_1_20260113_033506.log
/home/openairinterface5g/openair2/LAYER2/NR_MAC_UE/nr_ue_dci_configuration.c:106,SIGABRT,False,False,c4_compiled_inter-IE_mac_sch_f108_f117/ue_crash_1_20260113_033517.log
/home/openairinterface5g/openair2/LAYER2/NR_MAC_UE/nr_ue_dci_configuration.c:106,SIGABRT,False,False,c4_compiled_inter-IE_mac_sch_f43_f117/ue_crash_1_20260113_051021.log
/home/openairinterface5g/openair2/LAYER2/NR_MAC_UE/nr_ue_dci_configuration.c:106,SIGABRT,False,False,c4_compiled_inter-IE_mac_sch_f43_f117/ue_crash_1_20260113_051032.log
/home/openairinterface5g/openair2/LAYER2/NR_MAC_UE/nr_ue_dci_configuration.c:106,SIGABRT,False,False,c4_compiled_inter-IE_mac_sch_f43_f117/ue_crash_1_20260113_051043.log
/home/openairinterface5g/openair2/LAYER2/NR_MAC_UE/nr_ue_dci_configuration.c:106,SIGABRT,False,False,c4_compiled_inter-IE_mac_sch_f52_f117/ue_crash_1_20260113_052539.log
/home/openairinterface5g/openair2/LAYER2/NR_MAC_UE/nr_ue_dci_configuration.c:106,SIGABRT,False,False,c4_compiled_inter-IE_mac_sch_f52_f117/ue_crash_1_20260113_052550.log
/home/openairinterface5g/openair2/LAYER2/NR_MAC_UE/nr_ue_dci_configuration.c:106,SIGABRT,False,False,c4_compiled_inter-IE_mac_sch_f52_f117/ue_crash_1_20260113_052601.log
/home/openairinterface5g/openair2/LAYER2/NR_MAC_UE/nr_ue_dci_configuration.c:106,SIGABRT,False,False,c4_compiled_inter-IE_mac_sch_f80_f117/ue_crash_1_20260113_080003.log
/home/openairinterface5g/openair2/LAYER2/NR_MAC_UE/nr_ue_dci_configuration.c:106,SIGABRT,False,False,c4_compiled_inter-IE_mac_sch_f80_f117/ue_crash_1_20260113_080015.log
/home/openairinterface5g/openair2/LAYER2/NR_MAC_UE/nr_ue_dci_configuration.c:106,SIGABRT,False,False,c4_compiled_inter-IE_mac_sch_f80_f117/ue_crash_1_20260113_080026.log
/home/openairinterface5g/openair2/LAYER2/NR_MAC_UE/nr_ue_dci_configuration.c:106,SIGABRT,False,False,c4_compiled_inter-IE_mac_sch_f89_f117/ue_crash_1_20260113_084549.log
/home/openairinterface5g/openair2/LAYER2/NR_MAC_UE/nr_ue_dci_configuration.c:106,SIGABRT,False,False,c4_compiled_inter-IE_mac_sch_f89_f117/ue_crash_1_20260113_084601.log
/home/openairinterface5g/openair2/LAYER2/NR_MAC_UE/nr_ue_dci_configuration.c:106,SIGABRT,False,False,c4_compiled_inter-IE_mac_sch_f89_f117/ue_crash_1_20260113_084612.log
/home/openairinterface5g/openair2/LAYER2/NR_MAC_UE/nr_ue_procedures.c:2660,SIGABRT,False,False,c3_compiled_intra-IE_mac_sch_f927_f933/ue_crash_1_20260113_033409.log
/home/openairinterface5g/openair2/LAYER2/NR_MAC_UE/nr_ue_scheduler.c:2740,SIGABRT,False,False,c3_compiled_intra-IE_mac_sch_f690_f692/ue_crash_1_20260113_030724.log
/home/openairinterface5g/openair2/LAYER2/NR_MAC_UE/nr_ue_scheduler.c:2740,SIGABRT,False,False,c3_compiled_intra-IE_mac_sch_f690_f692/ue_crash_1_20260113_030735.log
/home/openairinterface5g/openair2/LAYER2/NR_MAC_UE/nr_ue_scheduler.c:2740,SIGABRT,False,False,c3_compiled_intra-IE_mac_sch_f690_f692/ue_crash_1_20260113_030746.log
/home/openairinterface5g/openair2/LAYER2/NR_MAC_UE/nr_ue_scheduler.c:2740,SIGABRT,False,False,c3_compiled_intra-IE_mac_sch_f691_f692/ue_crash_1_20260113_030757.log
/home/openairinterface5g/openair2/LAYER2/NR_MAC_UE/nr_ue_scheduler.c:2740,SIGABRT,False,False,c3_compiled_intra-IE_mac_sch_f691_f692/ue_crash_1_20260113_030808.log
/home/openairinterface5g/openair2/LAYER2/NR_MAC_UE/nr_ue_scheduler.c:2740,SIGABRT,False,False,c3_compiled_intra-IE_mac_sch_f691_f692/ue_crash_1_20260113_030819.log
/home/openairinterface5g/radio/rfsimulator/simulator.c:1052,SIGSEGV,False,True,c3_compiled_intra-IE_mac_sch_f148_f155/ue_crash_1_20260113_024956.log
/home/openairinterface5g/radio/rfsimulator/simulator.c:1052,SIGSEGV,False,True,c3_compiled_intra-IE_mac_sch_f176_f183/ue_crash_1_20260113_025032.log
/home/openairinterface5g/radio/rfsimulator/simulator.c:1052,SIGSEGV,False,True,c3_compiled_intra-IE_mac_sch_f30_f31/ue_crash_1_20260113_025552.log
/home/openairinterface5g/radio/rfsimulator/simulator.c:1052,SIGSEGV,False,True,c3_compiled_intra-IE_mac_sch_f347_f348/ue_crash_1_20260113_025714.log
/home/openairinterface5g/radio/rfsimulator/simulator.c:1052,SIGSEGV,False,True,c3_compiled_intra-IE_mac_sch_f695_f700/ue_crash_1_20260113_030914.log
/home/openairinterface5g/radio/rfsimulator/simulator.c:1052,SIGSEGV,False,True,c3_compiled_intra-IE_mac_sch_f734_f737/ue_crash_1_20260113_032047.log
/home/openairinterface5g/radio/rfsimulator/simulator.c:1052,SIGSEGV,False,True,c3_compiled_intra-IE_mac_sch_f825_f831/ue_crash_1_20260113_032931.log
/home/openairinterface5g/radio/rfsimulator/simulator.c:1052,SIGSEGV,False,True,c4_compiled_inter-IE_mac_sch_f116_f145/ue_crash_1_20260113_034035.log
/home/openairinterface5g/radio/rfsimulator/simulator.c:1052,SIGSEGV,False,True,c4_compiled_inter-IE_mac_sch_f117_f210/ue_crash_1_20260113_034505.log
/home/openairinterface5g/radio/rfsimulator/simulator.c:1052,SIGSEGV,False,True,c4_compiled_inter-IE_mac_sch_f145_f218/ue_crash_1_20260113_040410.log
/home/openairinterface5g/radio/rfsimulator/simulator.c:1052,SIGSEGV,False,True,c4_compiled_inter-IE_mac_sch_f181_f210/ue_crash_1_20260113_041521.log
/home/openairinterface5g/radio/rfsimulator/simulator.c:1052,SIGSEGV,False,True,c4_compiled_inter-IE_mac_sch_f198_f575/ue_crash_1_20260113_042059.log
/home/openairinterface5g/radio/rfsimulator/simulator.c:1052,SIGSEGV,False,True,c4_compiled_inter-IE_mac_sch_f198_f824/ue_crash_1_20260113_042449.log
/home/openairinterface5g/radio/rfsimulator/simulator.c:1052,SIGSEGV,False,True,c4_compiled_inter-IE_mac_sch_f201_f441/ue_crash_1_20260113_042954.log
/home/openairinterface5g/radio/rfsimulator/simulator.c:1052,SIGSEGV,False,True,c4_compiled_inter-IE_mac_sch_f266_f688/ue_crash_1_20260113_044934.log
/home/openairinterface5g/radio/rfsimulator/simulator.c:1052,SIGSEGV,False,True,c4_compiled_inter-IE_mac_sch_f325_f646/ue_crash_1_20260113_045649.log
/home/openairinterface5g/radio/rfsimulator/simulator.c:1052,SIGSEGV,False,True,c4_compiled_inter-IE_mac_sch_f417_f544/ue_crash_1_20260113_050254.log
/home/openairinterface5g/radio/rfsimulator/simulator.c:1052,SIGSEGV,False,True,c4_compiled_inter-IE_mac_sch_f43_f182/ue_crash_1_20260113_051304.log
/home/openairinterface5g/radio/rfsimulator/simulator.c:1052,SIGSEGV,False,True,c4_compiled_inter-IE_mac_sch_f52_f182/ue_crash_1_20260113_052833.log
/home/openairinterface5g/radio/rfsimulator/simulator.c:1052,SIGSEGV,False,True,c4_compiled_inter-IE_mac_sch_f538_f649/ue_crash_1_20260113_053351.log
/home/openairinterface5g/radio/rfsimulator/simulator.c:1052,SIGSEGV,False,True,c4_compiled_inter-IE_mac_sch_f770_f810/ue_crash_1_20260113_054904.log
/home/openairinterface5g/radio/rfsimulator/simulator.c:1052,SIGSEGV,False,True,c4_compiled_inter-IE_mac_sch_f772_f800/ue_crash_1_20260113_055311.log
/home/openairinterface5g/radio/rfsimulator/simulator.c:1052,SIGSEGV,False,True,c4_compiled_inter-IE_mac_sch_f774_f815/ue_crash_1_20260113_060038.log
/home/openairinterface5g/radio/rfsimulator/simulator.c:1052,SIGSEGV,False,True,c4_compiled_inter-IE_mac_sch_f780_f828/ue_crash_1_20260113_061543.log
/home/openairinterface5g/radio/rfsimulator/simulator.c:1052,SIGSEGV,False,True,c4_compiled_inter-IE_mac_sch_f780_f828/ue_crash_1_20260113_061554.log
/home/openairinterface5g/radio/rfsimulator/simulator.c:1052,SIGSEGV,False,True,c4_compiled_inter-IE_mac_sch_f782_f795/ue_crash_1_20260113_062443.log
/home/openairinterface5g/radio/rfsimulator/simulator.c:1052,SIGSEGV,False,True,c4_compiled_inter-IE_mac_sch_f787_f810/ue_crash_1_20260113_064606.log
/home/openairinterface5g/radio/rfsimulator/simulator.c:1052,SIGSEGV,False,True,c4_compiled_inter-IE_mac_sch_f790_f852/ue_crash_1_20260113_065714.log
/home/openairinterface5g/radio/rfsimulator/simulator.c:1052,SIGSEGV,False,True,c4_compiled_inter-IE_mac_sch_f790_f891/ue_crash_1_20260113_065942.log
/home/openairinterface5g/radio/rfsimulator/simulator.c:1052,SIGSEGV,False,True,c4_compiled_inter-IE_mac_sch_f792_f815/ue_crash_1_20260113_070553.log
/home/openairinterface5g/radio/rfsimulator/simulator.c:1052,SIGSEGV,False,True,c4_compiled_inter-IE_mac_sch_f807_f820/ue_crash_1_20260113_075536.log
/home/openairinterface5g/radio/rfsimulator/simulator.c:1052,SIGSEGV,False,True,c4_compiled_inter-IE_mac_sch_f820_f852/ue_crash_1_20260113_083612.log
/home/openairinterface5g/radio/rfsimulator/simulator.c:1052,SIGSEGV,False,True,c4_compiled_inter-IE_mac_sch_f89_f210/ue_crash_1_20260113_084844.log
/home/openairinterface5g/radio/rfsimulator/simulator.c:1053,SIGSEGV,False,True,c3_compiled_intra-IE_mac_sch_f34_f35/ue_crash_1_20260113_025749.log
/home/openairinterface5g/radio/rfsimulator/simulator.c:1053,SIGSEGV,False,True,c3_compiled_intra-IE_mac_sch_f453_f454/ue_crash_1_20260113_025958.log
/home/openairinterface5g/radio/rfsimulator/simulator.c:1053,SIGSEGV,False,True,c3_compiled_intra-IE_mac_sch_f825_f831/ue_crash_1_20260113_032920.log
/home/openairinterface5g/radio/rfsimulator/simulator.c:1053,SIGSEGV,False,True,c3_compiled_intra-IE_mac_sch_f825_f831/ue_crash_1_20260113_032942.log
/home/openairinterface5g/radio/rfsimulator/simulator.c:1053,SIGSEGV,False,True,c3_compiled_intra-IE_mac_sch_f927_f933/ue_crash_1_20260113_033348.log
/home/openairinterface5g/radio/rfsimulator/simulator.c:1053,SIGSEGV,False,True,c3_compiled_intra-IE_mac_sch_f927_f933/ue_crash_1_20260113_033358.log
/home/openairinterface5g/radio/rfsimulator/simulator.c:1053,SIGSEGV,False,True,c4_compiled_inter-IE_mac_sch_f133_f198/ue_crash_1_20260113_034750.log
/home/openairinterface5g/radio/rfsimulator/simulator.c:1053,SIGSEGV,False,True,c4_compiled_inter-IE_mac_sch_f181_f238/ue_crash_1_20260113_041607.log
/home/openairinterface5g/radio/rfsimulator/simulator.c:1053,SIGSEGV,False,True,c4_compiled_inter-IE_mac_sch_f263_f263/ue_crash_1_20260113_043756.log
/home/openairinterface5g/radio/rfsimulator/simulator.c:1053,SIGSEGV,False,True,c4_compiled_inter-IE_mac_sch_f309_f651/ue_crash_1_20260113_045428.log
/home/openairinterface5g/radio/rfsimulator/simulator.c:1053,SIGSEGV,False,True,c4_compiled_inter-IE_mac_sch_f328_f525/ue_crash_1_20260113_045958.log
/home/openairinterface5g/radio/rfsimulator/simulator.c:1053,SIGSEGV,False,True,c4_compiled_inter-IE_mac_sch_f436_f525/ue_crash_1_20260113_050848.log
/home/openairinterface5g/radio/rfsimulator/simulator.c:1053,SIGSEGV,False,True,c4_compiled_inter-IE_mac_sch_f436_f633/ue_crash_1_20260113_050935.log
/home/openairinterface5g/radio/rfsimulator/simulator.c:1053,SIGSEGV,False,True,c4_compiled_inter-IE_mac_sch_f43_f116/ue_crash_1_20260113_050946.log
/home/openairinterface5g/radio/rfsimulator/simulator.c:1053,SIGSEGV,False,True,c4_compiled_inter-IE_mac_sch_f43_f154/ue_crash_1_20260113_051142.log
/home/openairinterface5g/radio/rfsimulator/simulator.c:1053,SIGSEGV,False,True,c4_compiled_inter-IE_mac_sch_f51_f238/ue_crash_1_20260113_052020.log
/home/openairinterface5g/radio/rfsimulator/simulator.c:1053,SIGSEGV,False,True,c4_compiled_inter-IE_mac_sch_f52_f181/ue_crash_1_20260113_052758.log
/home/openairinterface5g/radio/rfsimulator/simulator.c:1053,SIGSEGV,False,True,c4_compiled_inter-IE_mac_sch_f71_f722/ue_crash_1_20260113_054457.log
/home/openairinterface5g/radio/rfsimulator/simulator.c:1053,SIGSEGV,False,True,c4_compiled_inter-IE_mac_sch_f780_f787/ue_crash_1_20260113_061056.log
/home/openairinterface5g/radio/rfsimulator/simulator.c:1053,SIGSEGV,False,True,c4_compiled_inter-IE_mac_sch_f780_f902/ue_crash_1_20260113_062114.log
/home/openairinterface5g/radio/rfsimulator/simulator.c:1053,SIGSEGV,False,True,c4_compiled_inter-IE_mac_sch_f782_f785/ue_crash_1_20260113_062333.log
/home/openairinterface5g/radio/rfsimulator/simulator.c:1053,SIGSEGV,False,True,c4_compiled_inter-IE_mac_sch_f782_f790/ue_crash_1_20260113_062344.log
/home/openairinterface5g/radio/rfsimulator/simulator.c:1053,SIGSEGV,False,True,c4_compiled_inter-IE_mac_sch_f805_f807/ue_crash_1_20260113_074420.log
/home/openairinterface5g/radio/rfsimulator/simulator.c:1053,SIGSEGV,False,True,c4_compiled_inter-IE_mac_sch_f805_f902/ue_crash_1_20260113_075231.log
/home/openairinterface5g/radio/rfsimulator/simulator.c:1053,SIGSEGV,False,True,c4_compiled_inter-IE_mac_sch_f80_f181/ue_crash_1_20260113_080211.log
/home/openairinterface5g/radio/rfsimulator/simulator.c:1053,SIGSEGV,False,True,c4_compiled_inter-IE_mac_sch_f810_f867/ue_crash_1_20260113_081201.log
/home/openairinterface5g/radio/rfsimulator/simulator.c:1053,SIGSEGV,False,True,c4_compiled_inter-IE_mac_sch_f815_f863/ue_crash_1_20260113_082504.log
/home/openairinterface5g/radio/rfsimulator/simulator.c:1053,SIGSEGV,False,True,c4_compiled_inter-IE_mac_sch_f820_f867/ue_crash_1_20260113_083755.log
